Entity,Code,Year,inbound_pct,outbound_pct
World,OWID_WRL,1997,2.27555,2.27555
Angola,AGO,1998,0.59974,74.10339
Albania,ALB,1998,2.18372,13.12183
Argentina,ARG,1998,0.18559,0.37825
Brunei,BRN,1998,3.25677,72.54028
Canada,CAN,1998,2.3576,2.50937
Finland,FIN,1998,1.73207,3.65931
United Kingdom,GBR,1998,10.81054,1.39371
Hungary,HUN,1998,2.60549,2.31337
Ireland,IRL,1998,4.83561,13.59491
Iceland,ISL,1998,2.39506,27.96296
Japan,JPN,1998,1.40655,1.43284
South Korea,KOR,1998,0.09627,2.35265
Malaysia,MYS,1998,0.70669,13.43937
Norway,NOR,1998,4.54471,6.00188
World,OWID_WRL,1998,2.19237,2.19237
Papua New Guinea,PNG,1998,3.22548,8.09413
Poland,POL,1998,0.46973,1.12123
El Salvador,SLV,1998,0.47524,1.48011
Turkey,TUR,1998,1.3239,2.12233
United States,USA,1998,3.24289,0.3013
Samoa,WSM,1998,7.4224,65.58704
Albania,ALB,1999,2.12976,12.46688
Burundi,BDI,1999,2.9184,22.11634
Belgium,BEL,1999,10.2721,2.78634
Bulgaria,BGR,1999,3.11467,5.16149
Belarus,BLR,1999,0.70221,1.79529
Brunei,BRN,1999,1.83536,60.72874
Canada,CAN,1999,2.65973,2.5053
Switzerland,CHE,1999,16.15065,5.8896
Chile,CHL,1999,0.33551,1.09424
Comoros,COM,1999,0.0,646.07086
Cyprus,CYP,1999,17.15551,126.1022
Czechia,CZE,1999,1.98206,1.85967
Djibouti,DJI,1999,0.0,1362.2858
Denmark,DNK,1999,6.48787,3.2635
Eritrea,ERI,1999,2.30346,14.52178
Spain,ESP,1999,1.84433,1.46543
Estonia,EST,1999,1.62887,6.97971
Finland,FIN,1999,1.84374,3.65172
France,FRA,1999,6.50792,2.37934
Gabon,GAB,1999,5.647,45.09568
United Kingdom,GBR,1999,11.17465,1.27951
Georgia,GEO,1999,0.26198,3.80597
Croatia,HRV,1999,0.47659,7.51285
Hungary,HUN,1999,3.17434,2.03975
Ireland,IRL,1999,4.75264,12.70172
Iceland,ISL,1999,2.44623,27.16852
Italy,ITA,1999,1.30734,2.09104
Jamaica,JAM,1999,2.85256,19.5696
Japan,JPN,1999,1.43505,1.47421
Kazakhstan,KAZ,1999,2.33031,6.33587
South Korea,KOR,1999,0.1011,2.35226
Laos,LAO,1999,0.65419,13.24942
Lebanon,LBN,1999,13.79908,7.6985
Lesotho,LSO,1999,24.34503,31.38903
Lithuania,LTU,1999,0.44406,3.31319
Luxembourg,LUX,1999,26.09044,287.63504
Latvia,LVA,1999,2.25129,3.2398
Morocco,MAR,1999,1.53377,13.16334
Moldova,MDA,1999,1.63689,9.0005
Madagascar,MDG,1999,3.47403,8.65584
Mexico,MEX,1999,0.12476,0.83025
North Macedonia,MKD,1999,0.79394,5.95601
Mali,MLI,1999,6.54271,16.67024
Malta,MLT,1999,4.36732,8.40202
Mongolia,MNG,1999,0.44736,3.06563
Mauritania,MRT,1999,5.05585,24.62277
Malaysia,MYS,1999,0.74109,11.57583
Netherlands,NLD,1999,2.89837,2.46592
Norway,NOR,1999,4.80259,6.57343
World,OWID_WRL,1999,2.14267,2.14267
Philippines,PHL,1999,0.1591,0.2301
Poland,POL,1999,0.40691,0.96155
Palestine,PSE,1999,4.17911,17.11023
Romania,ROU,1999,3.25689,2.72515
Rwanda,RWA,1999,1.14477,54.35012
Saudi Arabia,SAU,1999,1.63813,2.82191
Senegal,SEN,1999,4.41934,19.45535
Slovenia,SVN,1999,0.82653,1.9589
Sweden,SWE,1999,7.28447,4.03851
Eswatini,SWZ,1999,2.54098,22.9918
Thailand,THA,1999,0.10374,1.21835
Tajikistan,TJK,1999,5.20199,1.49151
Trinidad and Tobago,TTO,1999,13.25938,48.49445
Tunisia,TUN,1999,1.75284,6.98105
Turkey,TUR,1999,1.25189,2.05804
Ukraine,UKR,1999,1.05423,0.94853
United States,USA,1999,3.28218,0.31461
British Virgin Islands,VGB,1999,0.0,15.65421
Vietnam,VNM,1999,0.06283,0.99806
Samoa,WSM,1999,5.29129,52.43185
Albania,ALB,2000,1.68972,14.68518
Argentina,ARG,2000,0.18422,0.39275
Burundi,BDI,2000,2.91911,18.26706
Belgium,BEL,2000,10.90632,2.88395
Bulgaria,BGR,2000,3.10614,5.58187
Belarus,BLR,2000,0.65168,1.76556
Brunei,BRN,2000,1.95783,55.21013
Canada,CAN,2000,3.00703,2.56662
Switzerland,CHE,2000,16.57519,4.65443
Chile,CHL,2000,0.76895,1.16928
Cuba,CUB,2000,3.88785,1.12139
Cyprus,CYP,2000,19.44498,160.74847
Czechia,CZE,2000,2.15534,1.78924
Djibouti,DJI,2000,0.0,1286.0464
Denmark,DNK,2000,6.80422,3.38601
Eritrea,ERI,2000,1.28174,16.56676
Spain,ESP,2000,2.22467,1.49614
Estonia,EST,2000,1.60968,6.63931
Finland,FIN,2000,2.06155,3.65986
France,FRA,2000,6.80206,2.48003
United Kingdom,GBR,2000,11.01387,1.05064
Georgia,GEO,2000,0.14813,3.73808
Hungary,HUN,2000,3.22531,1.93115
India,IND,2000,0.07431,0.71128
Ireland,IRL,2000,4.6155,10.95215
Iraq,IRQ,2000,2.86833,1.71502
Iceland,ISL,2000,4.16882,24.37231
Italy,ITA,2000,1.40842,2.21647
Jamaica,JAM,2000,2.2142,14.05999
Jordan,JOR,2000,8.54842,8.32967
Kazakhstan,KAZ,2000,1.97337,4.89108
South Korea,KOR,2000,0.1123,2.31302
Laos,LAO,2000,0.53007,8.89462
Lebanon,LBN,2000,12.0744,7.78991
Lithuania,LTU,2000,0.44215,3.28777
Latvia,LVA,2000,6.56641,3.02462
Morocco,MAR,2000,1.52283,13.55447
Moldova,MDA,2000,1.88659,9.16221
North Macedonia,MKD,2000,0.65002,11.75228
Mali,MLI,2000,6.54144,16.29944
Malta,MLT,2000,5.55819,9.59394
Mongolia,MNG,2000,0.31206,2.98495
Malaysia,MYS,2000,3.43988,8.34873
Netherlands,NLD,2000,2.87338,2.31034
Norway,NOR,2000,4.55581,6.93562
World,OWID_WRL,2000,2.10383,2.10383
Poland,POL,2000,0.38726,0.90782
Palestine,PSE,2000,1.09118,16.13119
Romania,ROU,2000,2.7818,2.90304
Russia,RUS,2000,0.65089,0.50006
Saudi Arabia,SAU,2000,1.8711,2.68288
El Salvador,SLV,2000,0.49008,1.84497
Slovakia,SVK,2000,1.15514,4.25348
Slovenia,SVN,2000,0.92822,6.5781
Sweden,SWE,2000,7.36513,3.53707
Eswatini,SWZ,2000,2.30055,29.08119
Tajikistan,TJK,2000,4.6053,1.42937
Trinidad and Tobago,TTO,2000,16.31123,52.74423
Tunisia,TUN,2000,1.53074,6.4587
British Virgin Islands,VGB,2000,0.0,15.93333
Vietnam,VNM,2000,0.08495,1.27134
Samoa,WSM,2000,11.16751,83.10974
Albania,ALB,2001,1.58105,18.03464
Belgium,BEL,2001,10.6189,3.00828
Bulgaria,BGR,2001,3.29142,6.41244
Belarus,BLR,2001,0.40959,1.58673
Barbados,BRB,2001,7.38188,17.9677
Brunei,BRN,2001,4.21969,45.78489
Switzerland,CHE,2001,16.99485,5.02589
Cuba,CUB,2001,5.46846,0.80266
Cayman Islands,CYM,2001,28.14961,13.53346
Cyprus,CYP,2001,20.71393,140.37364
Czechia,CZE,2001,2.98026,1.91619
Djibouti,DJI,2001,0.0,521.48376
Denmark,DNK,2001,6.53415,3.22425
Spain,ESP,2001,2.17853,1.49736
Estonia,EST,2001,1.04711,6.98375
Finland,FIN,2001,2.2487,3.50841
France,FRA,2001,7.25495,2.59477
Gabon,GAB,2001,4.53142,41.1259
United Kingdom,GBR,2001,10.91843,1.20654
Georgia,GEO,2001,0.29866,3.61162
Croatia,HRV,2001,2.61117,7.64696
Hungary,HUN,2001,3.40101,1.89375
India,IND,2001,0.07922,0.85677
Ireland,IRL,2001,4.92617,9.32201
Iceland,ISL,2001,4.13394,25.61511
Italy,ITA,2001,1.61274,2.20458
Kyrgyzstan,KGZ,2001,4.18198,1.76705
Cambodia,KHM,2001,0.14164,6.99616
South Korea,KOR,2001,0.12301,2.43855
Laos,LAO,2001,0.74052,6.80875
Lebanon,LBN,2001,11.02091,7.66186
Lithuania,LTU,2001,0.46203,3.60244
Latvia,LVA,2001,7.70264,3.02903
Macao,MAC,2001,54.12975,5.97671
Morocco,MAR,2001,1.44597,13.80222
Moldova,MDA,2001,2.50717,8.07302
Mexico,MEX,2001,0.09488,0.91954
North Macedonia,MKD,2001,0.42489,11.02864
Malta,MLT,2001,4.58098,8.2217
Mongolia,MNG,2001,0.28245,3.02661
Malaysia,MYS,2001,2.95808,8.2784
Netherlands,NLD,2001,3.29119,2.19372
Norway,NOR,2001,4.64815,7.65697
World,OWID_WRL,2001,2.0774,2.0774
Philippines,PHL,2001,0.09552,0.24237
Palau,PLW,2001,2.29167,71.5253
Poland,POL,2001,0.37516,0.87785
Palestine,PSE,2001,0.46931,14.7775
Qatar,QAT,2001,20.70953,16.36832
Romania,ROU,2001,2.18868,2.91693
Russia,RUS,2001,0.89434,0.45727
Rwanda,RWA,2001,0.71864,27.37549
El Salvador,SLV,2001,0.49024,2.21739
Slovakia,SVK,2001,1.17435,6.13219
Slovenia,SVN,2001,0.94432,4.08729
Sweden,SWE,2001,7.34708,3.92186
Thailand,THA,2001,0.11967,1.10375
Tajikistan,TJK,2001,2.48087,1.58467
Trinidad and Tobago,TTO,2001,14.05851,48.71306
Tunisia,TUN,2001,1.22235,6.02939
Turkey,TUR,2001,1.03622,1.9973
Ukraine,UKR,2001,0.66026,1.18259
British Virgin Islands,VGB,2001,0.0,22.22222
Vietnam,VNM,2001,0.08822,1.431
Andorra,AND,2002,10.11236,271.25467
Armenia,ARM,2002,2.31654,2.46458
Burundi,BDI,2002,4.82647,11.56675
Belgium,BEL,2002,10.99618,3.00137
Bangladesh,BGD,2002,0.04139,1.44852
Bulgaria,BGR,2002,3.50184,7.53659
Belarus,BLR,2002,0.56651,1.83207
Brazil,BRA,2002,0.03517,0.6064
Canada,CAN,2002,3.95049,3.0127
Switzerland,CHE,2002,17.22727,5.29422
Chile,CHL,2002,0.93614,1.27633
Cuba,CUB,2002,6.11569,0.78633
Cyprus,CYP,2002,21.95735,101.83123
Czechia,CZE,2002,3.4283,1.90402
Djibouti,DJI,2002,0.0,383.0537
Denmark,DNK,2002,7.38007,3.26997
Spain,ESP,2002,2.44767,1.47787
Estonia,EST,2002,0.74858,5.7481
Finland,FIN,2002,2.38192,3.53574
France,FRA,2002,8.1529,2.72479
United Kingdom,GBR,2002,10.14304,1.2892
Georgia,GEO,2002,0.29502,3.41314
Greece,GRC,2002,1.62783,9.36036
Croatia,HRV,2002,0.62468,7.16998
Hungary,HUN,2002,3.32462,1.83756
India,IND,2002,0.07701,0.98305
Ireland,IRL,2002,5.2219,8.62531
Iceland,ISL,2002,4.07459,25.2004
Italy,ITA,2002,1.53419,2.13219
Kyrgyzstan,KGZ,2002,5.69715,1.71409
Cambodia,KHM,2002,0.12184,5.96495
South Korea,KOR,2002,0.15439,2.58961
Laos,LAO,2002,0.56043,5.08117
Lebanon,LBN,2002,10.62322,8.23428
Lithuania,LTU,2002,0.45971,3.54408
Latvia,LVA,2002,2.95113,2.73899
Macao,MAC,2002,64.12079,4.50757
Moldova,MDA,2002,2.70024,7.84926
Madagascar,MDG,2002,3.75568,10.72424
Mexico,MEX,2002,0.08812,1.00091
North Macedonia,MKD,2002,0.30195,9.83671
Malta,MLT,2002,4.8216,8.83829
Mauritania,MRT,2002,3.79298,31.07511
Malaysia,MYS,2002,4.38567,7.49081
Namibia,NAM,2002,8.44062,57.6361
Netherlands,NLD,2002,3.65231,2.16155
Norway,NOR,2002,4.82331,7.92569
World,OWID_WRL,2002,2.10384,2.10384
Philippines,PHL,2002,0.10574,0.25839
Poland,POL,2002,0.38714,0.87782
Qatar,QAT,2002,21.00626,16.47945
Romania,ROU,2002,1.82199,2.92356
Russia,RUS,2002,0.88805,0.44723
El Salvador,SLV,2002,0.44193,2.21214
Slovakia,SVK,2002,1.07963,7.16377
Slovenia,SVN,2002,0.95853,1.93093
Sweden,SWE,2002,7.48699,4.00516
Eswatini,SWZ,2002,2.4456,40.35434
Thailand,THA,2002,0.18985,1.18634
Tajikistan,TJK,2002,3.58729,2.0371
Trinidad and Tobago,TTO,2002,10.1778,35.57492
Tunisia,TUN,2002,1.09737,6.01877
Turkey,TUR,2002,0.9731,2.01107
Ukraine,UKR,2002,0.80621,1.05383
Venezuela,VEN,2002,0.02253,1.36684
British Virgin Islands,VGB,2002,0.0,43.60158
Vietnam,VNM,2002,0.11929,1.59819
Aruba,ABW,2003,5.44258,8.85167
Anguilla,AIA,2003,33.33333,532.7381
Albania,ALB,2003,1.05046,25.87283
Andorra,AND,2003,10.13072,295.95587
Armenia,ARM,2003,2.06119,3.09907
Belgium,BEL,2003,11.17555,3.19556
Bangladesh,BGD,2003,0.04388,1.83743
Bulgaria,BGR,2003,3.48137,7.96728
Bahrain,BHR,2003,6.97626,13.60321
Belarus,BLR,2003,0.2069,1.50856
Brazil,BRA,2003,0.03119,0.56854
Switzerland,CHE,2003,17.663,5.14824
Chile,CHL,2003,0.91886,1.35513
Congo,COG,2003,0.41306,85.4253
Cuba,CUB,2003,7.29458,0.79259
Cyprus,CYP,2003,28.90762,93.55141
Czechia,CZE,2003,3.60208,2.04036
Denmark,DNK,2003,8.98159,3.24436
Egypt,EGY,2003,1.29477,0.45555
Spain,ESP,2003,2.9142,1.50745
Estonia,EST,2003,1.71316,6.21162
Finland,FIN,2003,2.52379,3.52296
France,FRA,2003,10.45547,2.68368
Gabon,GAB,2003,3.69194,46.89838
United Kingdom,GBR,2003,11.1561,1.29797
Georgia,GEO,2003,0.2779,3.44345
Greece,GRC,2003,2.21847,8.03664
Hong Kong,HKG,2003,1.81938,23.52317
Honduras,HND,2003,0.6832,2.50735
Croatia,HRV,2003,2.3299,6.98893
Hungary,HUN,2003,3.13123,1.67775
India,IND,2003,0.06851,1.06283
Ireland,IRL,2003,5.61862,8.70673
Iran,IRN,2003,0.08458,1.12382
Iceland,ISL,2003,4.34555,23.25456
Italy,ITA,2003,1.88867,2.12748
Jordan,JOR,2003,8.49459,6.65187
Kyrgyzstan,KGZ,2003,6.68231,1.43512
South Korea,KOR,2003,0.24331,2.7136
Laos,LAO,2003,0.33787,5.31277
Lebanon,LBN,2003,8.47622,8.92769
Lesotho,LSO,2003,1.89915,77.12017
Lithuania,LTU,2003,0.41108,3.57551
Latvia,LVA,2003,2.00935,2.88947
Macao,MAC,2003,66.7669,3.65218
Morocco,MAR,2003,1.52202,15.38822
Moldova,MDA,2003,2.11751,7.63415
Maldives,MDV,2003,0.0,1673.4834
North Macedonia,MKD,2003,0.24768,11.04222
Malta,MLT,2003,4.57188,6.73964
Mongolia,MNG,2003,0.19382,3.40599
Mauritania,MRT,2003,2.0132,30.49203
Malaysia,MYS,2003,4.18907,6.90882
Namibia,NAM,2003,8.70377,63.69674
Netherlands,NLD,2003,3.89755,2.20517
Norway,NOR,2003,5.20728,7.2205
World,OWID_WRL,2003,2.10522,2.10522
Pakistan,PAK,2003,0.09699,5.57722
Philippines,PHL,2003,0.19545,0.28438
Poland,POL,2003,0.38359,0.94626
Qatar,QAT,2003,20.86634,16.57262
Romania,ROU,2003,1.51108,2.84117
Russia,RUS,2003,0.79842,0.42387
Saudi Arabia,SAU,2003,4.07257,2.28821
El Salvador,SLV,2003,0.45056,2.40745
Slovakia,SVK,2003,1.04435,8.75814
Slovenia,SVN,2003,0.94916,2.06132
Sweden,SWE,2003,7.83033,3.54872
Tajikistan,TJK,2003,1.80111,2.00516
Tunisia,TUN,2003,0.83175,5.59559
Turkey,TUR,2003,0.66349,1.75217
Tanzania,TZA,2003,1.2754,15.0103
Ukraine,UKR,2003,0.7913,0.97925
Vietnam,VNM,2003,0.12635,1.83642
Anguilla,AIA,2004,0.0,446.93878
Albania,ALB,2004,0.91108,25.39579
Armenia,ARM,2004,3.08966,2.68913
Belgium,BEL,2004,6.78615,2.64498
Bangladesh,BGD,2004,0.08182,1.82949
Bulgaria,BGR,2004,3.62677,8.18716
Belarus,BLR,2004,0.47856,1.97724
Brazil,BRA,2004,0.02613,0.52118
Brunei,BRN,2004,4.02685,40.03675
Switzerland,CHE,2004,18.22176,5.10619
Cameroon,CMR,2004,1.82234,19.97958
Costa Rica,CRI,2004,1.43428,2.05877
Cuba,CUB,2004,3.45635,0.33403
Cyprus,CYP,2004,32.03511,91.63098
Czechia,CZE,2004,4.68014,1.75723
Denmark,DNK,2004,4.55119,2.40596
Algeria,DZA,2004,0.6528,3.43026
Egypt,EGY,2004,1.28559,0.42214
Spain,ESP,2004,0.81798,1.34859
Estonia,EST,2004,1.26411,4.96037
Finland,FIN,2004,2.63932,1.93179
Fiji,FJI,2004,32.94219,12.73681
France,FRA,2004,10.99787,2.13186
United Kingdom,GBR,2004,13.35101,1.03887
Georgia,GEO,2004,0.28505,3.63265
Guinea,GIN,2004,2.15472,22.67138
Greece,GRC,2004,2.4055,7.05949
Guyana,GUY,2004,0.0,15.94599
Hong Kong,HKG,2004,2.21359,22.90352
Hungary,HUN,2004,3.05867,1.42466
India,IND,2004,0.06403,1.14284
Ireland,IRL,2004,6.74296,9.24424
Iran,IRN,2004,0.09162,1.06623
Iraq,IRQ,2004,0.86221,1.0136
Iceland,ISL,2004,3.32427,14.7577
Italy,ITA,2004,2.04586,1.61777
Jordan,JOR,2004,10.85537,5.74987
Kyrgyzstan,KGZ,2004,7.91769,1.57476
Cambodia,KHM,2004,0.08816,5.21789
South Korea,KOR,2004,0.33421,2.77147
Laos,LAO,2004,0.63685,5.58649
Lebanon,LBN,2004,9.00831,8.55672
Saint Lucia,LCA,2004,0.0,47.97593
Liechtenstein,LIE,2004,77.44361,128.00752
Lithuania,LTU,2004,0.40404,3.07156
Latvia,LVA,2004,1.0168,2.48645
Macao,MAC,2004,58.94419,3.46968
Morocco,MAR,2004,1.85662,12.76124
Moldova,MDA,2004,2.08533,7.70964
Madagascar,MDG,2004,2.89253,9.63709
North Macedonia,MKD,2004,0.3152,12.39122
Malta,MLT,2004,5.61841,8.79987
Mongolia,MNG,2004,0.38441,3.385
Mauritius,MUS,2004,0.42548,46.89975
Malaysia,MYS,2004,3.20637,6.67265
Niger,NER,2004,1.55003,39.67388
Netherlands,NLD,2004,4.81306,1.40083
Norway,NOR,2004,5.79485,6.20708
World,OWID_WRL,2004,2.01023,2.01023
Philippines,PHL,2004,0.14436,0.2986
Poland,POL,2004,0.3971,0.88189
Palestine,PSE,2004,0.0,10.38212
Qatar,QAT,2004,12.59826,14.60311
Romania,ROU,2004,1.5292,2.67801
Russia,RUS,2004,0.88062,0.41736
Saudi Arabia,SAU,2004,2.12599,2.09076
El Salvador,SLV,2004,0.45068,2.27969
Slovakia,SVK,2004,0.94008,8.86781
Slovenia,SVN,2004,0.85061,2.11023
Sweden,SWE,2004,4.01585,3.00725
Thailand,THA,2004,0.18521,1.11901
Tajikistan,TJK,2004,1.60654,1.82222
Trinidad and Tobago,TTO,2004,5.78473,33.55237
Tunisia,TUN,2004,0.77337,5.09315
Turkey,TUR,2004,0.7755,1.68866
Tanzania,TZA,2004,0.64031,10.90554
Ukraine,UKR,2004,0.63373,0.92444
Venezuela,VEN,2004,0.23548,1.22149
British Virgin Islands,VGB,2004,0.0,19.54225
Aruba,ABW,2005,1.89934,7.46718
Armenia,ARM,2005,3.6155,2.99044
Belgium,BEL,2005,5.40474,2.59569
Burkina Faso,BFA,2005,3.14938,11.10717
Bangladesh,BGD,2005,0.08205,1.62759
Bulgaria,BGR,2005,3.59381,7.94425
Bahrain,BHR,2005,4.23014,17.72616
Belarus,BLR,2005,0.6806,1.98494
Brunei,BRN,2005,3.26498,49.527
Botswana,BWA,2005,3.3274,47.93503
Switzerland,CHE,2005,18.424,4.89493
Chile,CHL,2005,0.29622,1.38173
Cameroon,CMR,2005,1.59717,17.82097
Cuba,CUB,2005,3.05473,0.30153
Cyprus,CYP,2005,24.37992,106.79635
Czechia,CZE,2005,5.50747,1.72996
Djibouti,DJI,2005,0.0,197.02982
Denmark,DNK,2005,4.41368,2.28188
Algeria,DZA,2005,0.67452,3.12098
Egypt,EGY,2005,1.30626,0.41531
Spain,ESP,2005,0.97687,1.36556
Estonia,EST,2005,1.56582,4.87207
Finland,FIN,2005,2.75886,1.866
France,FRA,2005,10.81283,2.22969
United Kingdom,GBR,2005,13.91883,0.98835
Georgia,GEO,2005,0.12223,3.42052
Greece,GRC,2005,2.42659,5.80102
Guyana,GUY,2005,0.59082,15.77364
Hong Kong,HKG,2005,2.50634,22.31191
Croatia,HRV,2005,2.56873,6.44428
Hungary,HUN,2005,3.11941,1.44491
Indonesia,IDN,2005,0.05532,0.87012
India,IND,2005,0.09602,1.25245
Ireland,IRL,2005,6.90766,10.24462
Iran,IRN,2005,0.09086,1.09476
Italy,ITA,2005,2.22933,1.58547
Jordan,JOR,2005,9.86168,5.74186
Kyrgyzstan,KGZ,2005,10.68901,1.39873
South Korea,KOR,2005,0.48274,2.9291
Laos,LAO,2005,0.3669,4.75893
Lebanon,LBN,2005,8.49152,7.82626
Lithuania,LTU,2005,0.43858,3.026
Latvia,LVA,2005,1.28303,2.48104
Macao,MAC,2005,54.27412,4.2152
Morocco,MAR,2005,1.34891,11.14901
Moldova,MDA,2005,1.73686,7.59541
Madagascar,MDG,2005,2.7276,9.44447
North Macedonia,MKD,2005,0.55101,13.0868
Malta,MLT,2005,6.40822,8.24217
Mongolia,MNG,2005,0.61539,3.30489
Namibia,NAM,2005,6.31726,51.83714
Netherlands,NLD,2005,4.67041,1.65246
Norway,NOR,2005,6.26344,5.75311
World,OWID_WRL,2005,2.00804,2.00804
Philippines,PHL,2005,0.20128,0.30987
Poland,POL,2005,0.48086,0.9421
Qatar,QAT,2005,24.51799,18.99791
Romania,ROU,2005,1.46344,2.48854
Russia,RUS,2005,1.00464,0.40889
Saudi Arabia,SAU,2005,2.15297,2.10805
El Salvador,SLV,2005,0.43616,2.30668
Slovakia,SVK,2005,0.88579,9.68815
Slovenia,SVN,2005,0.96946,2.08542
Sweden,SWE,2005,4.67891,3.08689
Thailand,THA,2005,0.18371,1.05512
Tajikistan,TJK,2005,0.67236,2.07133
Turkey,TUR,2005,0.86244,1.67843
Ukraine,UKR,2005,0.8929,0.91069
United States,USA,2005,3.4949,0.3437
Vietnam,VNM,2005,0.15156,1.49276
Aruba,ABW,2006,8.07068,8.955
Anguilla,AIA,2006,0.0,53.00912
Armenia,ARM,2006,3.64395,3.01375
Azerbaijan,AZE,2006,1.99291,2.67523
Belgium,BEL,2006,6.30129,2.58831
Bangladesh,BGD,2006,0.08913,1.40611
Bulgaria,BGR,2006,3.84492,8.01459
Bahrain,BHR,2006,3.65158,18.67268
Belarus,BLR,2006,0.65108,2.14529
Brunei,BRN,2006,2.94464,42.61631
Central African Republic,CAF,2006,10.86957,43.92831
Switzerland,CHE,2006,17.89277,5.05297
China,CHN,2006,0.15576,1.60339
Cameroon,CMR,2006,1.33502,15.58907
Cuba,CUB,2006,2.20472,0.22445
Cayman Islands,CYM,2006,35.27337,63.49206
Cyprus,CYP,2006,25.78812,93.72662
Czechia,CZE,2006,6.32971,1.86648
Djibouti,DJI,2006,0.0,191.359
Denmark,DNK,2006,5.32214,2.24224
Algeria,DZA,2006,0.71678,3.05901
Egypt,EGY,2006,1.39679,0.42381
Spain,ESP,2006,1.01752,1.37791
Estonia,EST,2006,1.55376,4.75456
Finland,FIN,2006,3.72662,1.95314
France,FRA,2006,11.24432,2.43034
United Kingdom,GBR,2006,14.12938,0.97809
Georgia,GEO,2006,0.09932,4.32554
Guinea,GIN,2006,2.10484,11.82187
Greece,GRC,2006,2.53567,5.21276
Hong Kong,HKG,2006,3.15792,20.28367
Croatia,HRV,2006,2.49843,6.39296
Hungary,HUN,2006,3.30315,1.46373
Indonesia,IDN,2006,0.12933,0.84805
India,IND,2006,0.09628,1.14928
Ireland,IRL,2006,6.84784,10.62247
Iran,IRN,2006,0.0968,1.04312
Iceland,ISL,2006,4.54806,15.42523
Italy,ITA,2006,2.41939,1.5503
Jordan,JOR,2006,9.77224,5.9564
Kazakhstan,KAZ,2006,1.24099,3.09665
Kyrgyzstan,KGZ,2006,11.70036,1.5617
Cambodia,KHM,2006,0.0718,2.66187
South Korea,KOR,2006,0.69475,3.10856
Laos,LAO,2006,0.30679,5.12598
Lebanon,LBN,2006,9.93456,7.90934
Saint Lucia,LCA,2006,5.71253,66.47471
Liechtenstein,LIE,2006,90.09434,135.22012
Lesotho,LSO,2006,0.62353,46.88962
Lithuania,LTU,2006,0.61498,2.99924
Luxembourg,LUX,2006,42.23626,291.4283
Macao,MAC,2006,51.89558,4.42403
Morocco,MAR,2006,1.56729,10.92028
Moldova,MDA,2006,1.34052,6.65017
Madagascar,MDG,2006,2.37923,8.76377
North Macedonia,MKD,2006,0.38662,14.27448
Malta,MLT,2006,7.16207,10.5974
Mongolia,MNG,2006,0.77526,3.33519
Mauritius,MUS,2006,0.25201,38.8507
Malaysia,MYS,2006,3.31006,6.67318
Namibia,NAM,2006,1.43345,61.45926
Netherlands,NLD,2006,4.66459,1.73269
Norway,NOR,2006,6.65872,5.56462
Oman,OMN,2006,0.37529,18.83341
World,OWID_WRL,2006,1.95716,1.95716
Philippines,PHL,2006,0.20676,0.31327
Poland,POL,2006,0.52967,1.06919
Romania,ROU,2006,1.02842,2.46232
Russia,RUS,2006,0.84472,0.42865
Saudi Arabia,SAU,2006,2.15054,2.20631
El Salvador,SLV,2006,0.49697,2.35847
Slovakia,SVK,2006,0.81488,11.01131
Slovenia,SVN,2006,0.94866,2.03264
Sweden,SWE,2006,5.04361,3.1693
Eswatini,SWZ,2006,2.14336,55.98629
Thailand,THA,2006,0.23951,1.08455
Tajikistan,TJK,2006,0.64491,1.80915
Turkey,TUR,2006,0.81433,1.52305
Ukraine,UKR,2006,0.97152,0.8911
Uzbekistan,UZB,2006,0.0527,10.43753
Anguilla,AIA,2007,0.0,126.74603
Armenia,ARM,2007,3.49457,2.93556
Austria,AUT,2007,13.55255,4.32758
Azerbaijan,AZE,2007,2.35576,2.83022
Belgium,BEL,2007,6.40153,2.64235
Bangladesh,BGD,2007,0.05841,1.39657
Bulgaria,BGR,2007,3.5177,7.41864
Belarus,BLR,2007,0.79475,2.52808
Barbados,BRB,2007,7.80359,13.20492
Brunei,BRN,2007,3.29296,48.48616
Bhutan,BTN,2007,0.0,32.67076
Canada,CAN,2007,6.52809,3.19465
Switzerland,CHE,2007,17.97975,5.07598
Chile,CHL,2007,1.05469,1.08875
China,CHN,2007,0.16625,1.6248
Cameroon,CMR,2007,1.0724,14.82883
Cuba,CUB,2007,3.10911,0.18419
Cayman Islands,CYM,2007,33.54633,59.10543
Cyprus,CYP,2007,25.14959,104.37274
Czechia,CZE,2007,6.73949,1.84635
Denmark,DNK,2007,5.46741,2.16989
Algeria,DZA,2007,0.63323,2.56108
Egypt,EGY,2007,1.40971,0.44195
Spain,ESP,2007,1.81609,1.42702
Estonia,EST,2007,1.40474,4.61746
Finland,FIN,2007,3.25589,1.98248
France,FRA,2007,11.31505,2.52238
United Kingdom,GBR,2007,14.87505,1.03601
Georgia,GEO,2007,0.3029,5.09329
Ghana,GHA,2007,1.35626,6.54199
Greece,GRC,2007,3.50995,5.2581
Guyana,GUY,2007,0.45141,19.68195
Hong Kong,HKG,2007,3.23009,17.27502
Croatia,HRV,2007,2.4915,6.30523
Hungary,HUN,2007,3.50115,1.55578
Indonesia,IDN,2007,0.13973,0.89393
Ireland,IRL,2007,8.80383,10.11794
Iran,IRN,2007,0.07396,1.0395
Iceland,ISL,2007,4.94912,15.66295
Italy,ITA,2007,2.81618,1.62703
Jordan,JOR,2007,9.73033,5.87026
Kyrgyzstan,KGZ,2007,11.36478,1.70626
South Korea,KOR,2007,0.99555,3.30612
Laos,LAO,2007,0.33865,4.56094
Lebanon,LBN,2007,12.12157,7.27608
Saint Lucia,LCA,2007,6.53686,88.43446
Liechtenstein,LIE,2007,86.47845,132.98663
Lithuania,LTU,2007,0.95119,3.12447
Latvia,LVA,2007,1.10659,2.91724
Macao,MAC,2007,49.98324,5.23127
Morocco,MAR,2007,1.90142,10.6973
Moldova,MDA,2007,1.26778,6.7903
Madagascar,MDG,2007,1.85207,7.29808
North Macedonia,MKD,2007,1.51893,11.32855
Malta,MLT,2007,6.18693,10.3135
Myanmar,MMR,2007,0.01123,0.73694
Mongolia,MNG,2007,0.78014,3.88153
Malaysia,MYS,2007,3.79824,6.56367
Niger,NER,2007,1.8861,40.82834
Netherlands,NLD,2007,4.65142,1.7846
Norway,NOR,2007,7.25619,5.51779
Oman,OMN,2007,0.26808,16.78277
World,OWID_WRL,2007,1.98384,1.98384
Poland,POL,2007,0.6065,1.20296
Palestine,PSE,2007,0.0,8.7506
Romania,ROU,2007,1.01091,2.24403
Russia,RUS,2007,0.64339,0.43847
Saudi Arabia,SAU,2007,2.62688,2.82823
El Salvador,SLV,2007,0.58074,2.44582
Serbia,SRB,2007,2.9274,4.87118
Slovakia,SVK,2007,0.87221,10.9245
Slovenia,SVN,2007,1.03067,1.968
Sweden,SWE,2007,5.35037,3.42122
Togo,TGO,2007,1.41222,15.84859
Thailand,THA,2007,0.34087,1.04991
Tajikistan,TJK,2007,1.57418,1.87625
Turkey,TUR,2007,0.78483,1.53762
Ukraine,UKR,2007,1.05042,0.90411
Uzbekistan,UZB,2007,0.08595,11.11218
Vietnam,VNM,2007,0.20345,1.80866
Yemen,YEM,2007,2.71045,3.97746
Anguilla,AIA,2008,0.0,280.50266
Armenia,ARM,2008,3.28697,3.83543
Austria,AUT,2008,15.96883,4.11528
Azerbaijan,AZE,2008,3.03054,4.1687
Belgium,BEL,2008,7.43031,2.51139
Benin,BEN,2008,6.49499,9.0657
Bangladesh,BGD,2008,0.08103,1.29608
Bulgaria,BGR,2008,3.50446,7.41724
Belarus,BLR,2008,1.08535,5.34809
Brunei,BRN,2008,3.38862,52.15165
Canada,CAN,2008,6.46847,3.16655
Switzerland,CHE,2008,14.12489,4.77675
Chile,CHL,2008,1.51047,1.1803
China,CHN,2008,0.19121,1.67507
Cote d'Ivoire,CIV,2008,5.52907,5.90909
Democratic Republic of Congo,COD,2008,0.29604,1.4588
Cuba,CUB,2008,3.00805,0.17969
Cayman Islands,CYM,2008,37.9386,39.14474
Cyprus,CYP,2008,27.93522,95.25469
Czechia,CZE,2008,7.10934,2.31136
Denmark,DNK,2008,2.76931,2.19169
Spain,ESP,2008,2.11823,1.30828
Estonia,EST,2008,1.51391,5.01267
Finland,FIN,2008,3.65027,2.15124
France,FRA,2008,11.24656,2.18136
United Kingdom,GBR,2008,14.67233,0.94764
Georgia,GEO,2008,0.47796,5.91082
Ghana,GHA,2008,1.44739,4.81573
Guinea,GIN,2008,0.93241,7.19525
Hong Kong,HKG,2008,2.91432,13.35508
Croatia,HRV,2008,3.29754,6.23812
Hungary,HUN,2008,3.73663,1.63854
Indonesia,IDN,2008,0.12191,0.79631
Ireland,IRL,2008,7.16678,10.11279
Iran,IRN,2008,0.03635,0.97715
Iceland,ISL,2008,4.32926,14.48743
Italy,ITA,2008,3.3918,1.63957
Jordan,JOR,2008,10.45605,5.5089
Kyrgyzstan,KGZ,2008,9.42909,1.59002
Saint Kitts and Nevis,KNA,2008,0.0,58.87854
South Korea,KOR,2008,1.25837,3.47711
Laos,LAO,2008,0.37113,4.26007
Saint Lucia,LCA,2008,9.08033,46.72746
Liechtenstein,LIE,2008,81.625,108.5
Lithuania,LTU,2008,1.4431,3.25735
Luxembourg,LUX,2008,43.80604,229.86668
Latvia,LVA,2008,1.15451,3.17603
Macao,MAC,2008,49.78156,5.41898
Morocco,MAR,2008,1.88274,10.18068
Moldova,MDA,2008,1.12325,10.46625
Madagascar,MDG,2008,1.71744,6.84795
North Macedonia,MKD,2008,2.04262,8.84617
Malta,MLT,2008,4.6136,10.65295
Mongolia,MNG,2008,0.79653,5.15185
Malaysia,MYS,2008,4.47932,6.10907
Namibia,NAM,2008,10.16898,45.9087
Netherlands,NLD,2008,4.98966,1.38543
Norway,NOR,2008,7.57222,5.28989
Oman,OMN,2008,2.19247,16.8213
World,OWID_WRL,2008,2.01405,2.01405
Philippines,PHL,2008,0.10051,0.33026
Poland,POL,2008,0.69091,1.25687
Palestine,PSE,2008,0.0,8.66824
Qatar,QAT,2008,36.2216,17.15937
Romania,ROU,2008,1.31144,2.07181
Russia,RUS,2008,1.44807,0.47208
Saudi Arabia,SAU,2008,2.61933,3.51551
Singapore,SGP,2008,20.33942,9.5402
El Salvador,SLV,2008,0.62764,2.43573
Serbia,SRB,2008,4.73868,4.77851
Slovakia,SVK,2008,2.26471,11.37807
Slovenia,SVN,2008,1.17892,1.97471
Sweden,SWE,2008,5.5675,3.44201
Turks and Caicos Islands,TCA,2008,0.0,12550.0
Chad,TCD,2008,0.42127,21.89848
Thailand,THA,2008,0.44917,1.06359
Tajikistan,TJK,2008,1.58425,2.81961
Tunisia,TUN,2008,0.69497,5.05501
Turkey,TUR,2008,0.79834,1.59603
Ukraine,UKR,2008,1.14383,1.11142
Uzbekistan,UZB,2008,0.10434,10.52008
Venezuela,VEN,2008,0.09069,0.7633
Vietnam,VNM,2008,0.20316,2.20123
Aruba,ABW,2009,4.8725,11.79889
Afghanistan,AFG,2009,0.0,5.80629
Armenia,ARM,2009,3.39274,3.79818
Antigua and Barbuda,ATG,2009,7.71456,66.13686
Austria,AUT,2009,17.26516,4.08608
Azerbaijan,AZE,2009,3.50352,5.70788
Belgium,BEL,2009,7.98436,2.50272
Bangladesh,BGD,2009,0.10043,1.22299
Bulgaria,BGR,2009,3.43595,7.63555
Belarus,BLR,2009,1.24192,5.04651
Bermuda,BMU,2009,5.12445,84.34196
Brazil,BRA,2009,0.26683,0.51768
Barbados,BRB,2009,10.49986,9.59183
Brunei,BRN,2009,4.83052,51.08643
Canada,CAN,2009,6.60326,3.24824
Switzerland,CHE,2009,14.92454,4.81964
Chile,CHL,2009,0.85673,1.24092
China,CHN,2009,0.20894,1.7356
Cote d'Ivoire,CIV,2009,1.23221,5.93137
Comoros,COM,2009,0.0,126.90972
Cuba,CUB,2009,3.18891,0.20111
Cyprus,CYP,2009,31.77564,83.28101
Czechia,CZE,2009,7.34658,2.48279
Djibouti,DJI,2009,0.0,94.0357
Denmark,DNK,2009,5.36377,2.25781
Algeria,DZA,2009,0.52772,1.96172
Spain,ESP,2009,2.69414,1.33351
Estonia,EST,2009,1.5892,5.43374
Finland,FIN,2009,4.24549,2.42405
France,FRA,2009,11.46616,2.46134
United Kingdom,GBR,2009,15.27677,0.9876
Georgia,GEO,2009,0.52402,8.68487
Grenada,GRD,2009,63.3129,9.50717
Guyana,GUY,2009,0.51937,23.77575
Hong Kong,HKG,2009,3.63586,13.08044
Croatia,HRV,2009,0.50119,6.62813
Hungary,HUN,2009,3.65068,1.82414
Ireland,IRL,2009,7.08454,10.11318
Iran,IRN,2009,0.04332,1.18578
Iceland,ISL,2009,4.62793,15.56042
Italy,ITA,2009,3.27447,1.82748
Jordan,JOR,2009,10.37279,5.62796
Kyrgyzstan,KGZ,2009,7.57928,1.67541
South Korea,KOR,2009,1.55411,3.68668
Laos,LAO,2009,0.59996,3.71549
Saint Lucia,LCA,2009,7.36767,44.77453
Liechtenstein,LIE,2009,74.40318,119.52444
Lithuania,LTU,2009,1.34001,3.54057
Latvia,LVA,2009,1.26595,3.43223
Macao,MAC,2009,49.84551,5.43308
Morocco,MAR,2009,1.89005,9.95486
Moldova,MDA,2009,1.08105,9.43231
Madagascar,MDG,2009,1.80689,6.3231
North Macedonia,MKD,2009,2.19479,8.66509
Malta,MLT,2009,4.33733,10.90841
Mongolia,MNG,2009,0.6818,5.4487
Montserrat,MSR,2009,0.0,96.42857
Mauritius,MUS,2009,1.55836,28.71947
Malaysia,MYS,2009,5.77839,5.97869
Niger,NER,2009,6.41571,26.44326
Netherlands,NLD,2009,3.82764,1.82505
Norway,NOR,2009,7.98378,5.63671
Nepal,NPL,2009,0.03284,8.71851
Oman,OMN,2009,1.89923,13.41724
World,OWID_WRL,2009,2.0469,2.0469
Poland,POL,2009,0.78958,1.32451
North Korea,PRK,2009,0.08092,0.36646
Palestine,PSE,2009,0.0,9.34484
Qatar,QAT,2009,36.53392,18.35987
Romania,ROU,2009,0.94446,2.09626
Russia,RUS,2009,1.39002,0.50539
Saudi Arabia,SAU,2009,2.62692,4.17386
Singapore,SGP,2009,22.78,9.42419
El Salvador,SLV,2009,0.52416,2.57057
Serbia,SRB,2009,4.41129,5.18879
Slovakia,SVK,2009,2.68557,11.94685
Slovenia,SVN,2009,1.77549,2.1095
Sweden,SWE,2009,6.39879,3.53145
Thailand,THA,2009,0.67684,1.09646
Tajikistan,TJK,2009,1.67755,3.28544
Tunisia,TUN,2009,0.65138,5.07339
Turkey,TUR,2009,0.74883,1.50191
Ukraine,UKR,2009,1.27845,1.17622
Uzbekistan,UZB,2009,0.12667,9.6632
British Virgin Islands,VGB,2009,20.39637,30.4466
Vietnam,VNM,2009,0.2371,2.46852
Aruba,ABW,2010,2.70386,21.75168
Armenia,ARM,2010,2.74833,4.36842
Antigua and Barbuda,ATG,2010,14.01709,55.50811
Austria,AUT,2010,17.80005,3.75941
Azerbaijan,AZE,2010,3.16831,7.99362
Burundi,BDI,2010,6.19427,6.33909
Belgium,BEL,2010,8.11257,2.57349
Benin,BEN,2010,7.92083,4.49518
Bulgaria,BGR,2010,3.50418,7.77102
Belarus,BLR,2010,1.50394,6.04542
Bermuda,BMU,2010,5.98897,91.8107
Brazil,BRA,2010,0.22491,0.51594
Barbados,BRB,2010,12.95345,9.88513
Brunei,BRN,2010,3.96468,57.80208
Canada,CAN,2010,7.43157,3.27862
Switzerland,CHE,2010,15.36163,4.67698
Chile,CHL,2010,0.97383,1.21164
China,CHN,2010,0.23086,1.8699
Cote d'Ivoire,CIV,2010,1.26014,6.56197
Cameroon,CMR,2010,0.84146,10.1972
Comoros,COM,2010,0.0,142.3587
Cuba,CUB,2010,3.77513,0.28677
Cyprus,CYP,2010,31.93001,84.23246
Czechia,CZE,2010,8.00084,2.59336
Denmark,DNK,2010,7.53775,2.29666
Algeria,DZA,2010,0.57189,1.99844
Egypt,EGY,2010,1.85239,0.52729
Spain,ESP,2010,2.98131,1.34883
Estonia,EST,2010,1.783,5.78063
Finland,FIN,2010,4.64398,2.47906
France,FRA,2010,11.5779,2.55762
United Kingdom,GBR,2010,15.72921,0.99379
Georgia,GEO,2010,0.78716,7.78415
Greece,GRC,2010,4.18092,4.50843
Guyana,GUY,2010,0.50384,11.49068
Hong Kong,HKG,2010,3.89974,12.46818
Honduras,HND,2010,0.72876,2.32409
Croatia,HRV,2010,0.55921,6.23304
Hungary,HUN,2010,4.01234,2.01602
Indonesia,IDN,2010,0.12871,0.75105
Ireland,IRL,2010,6.95277,10.27361
Iran,IRN,2010,0.08394,1.17448
Iceland,ISL,2010,4.92493,15.39695
Israel,ISR,2010,0.80249,3.83668
Italy,ITA,2010,3.52984,2.05528
Jordan,JOR,2010,11.11134,6.29757
Kazakhstan,KAZ,2010,1.58238,5.18914
Kyrgyzstan,KGZ,2010,6.30317,1.91434
South Korea,KOR,2010,1.81049,3.61521
Laos,LAO,2010,0.61287,3.22762
Lebanon,LBN,2010,15.04164,6.45953
Saint Lucia,LCA,2010,16.77648,61.38654
Liechtenstein,LIE,2010,75.22236,123.32953
Lithuania,LTU,2010,1.47636,4.23896
Luxembourg,LUX,2010,41.40625,136.16238
Latvia,LVA,2010,1.56351,4.51768
Macao,MAC,2010,45.82711,5.93372
Morocco,MAR,2010,1.92468,9.57554
Moldova,MDA,2010,1.20921,11.62748
Madagascar,MDG,2010,1.76374,5.87898
Mongolia,MNG,2010,0.60084,5.86687
Mauritius,MUS,2010,1.78299,24.67306
Malawi,MWI,2010,1.13636,32.67244
Malaysia,MYS,2010,6.10022,5.58442
Niger,NER,2010,6.58049,26.51223
Netherlands,NLD,2010,4.29679,1.94334
Norway,NOR,2010,7.00337,6.18756
Oman,OMN,2010,2.28918,13.12395
World,OWID_WRL,2010,2.08783,2.08783
Poland,POL,2010,0.85429,1.29887
Palestine,PSE,2010,0.0,8.5051
Qatar,QAT,2010,39.13043,19.66368
Romania,ROU,2010,1.34654,2.51127
Saudi Arabia,SAU,2010,2.97388,5.21329
Singapore,SGP,2010,20.2266,8.76097
El Salvador,SLV,2010,0.50929,2.53636
Serbia,SRB,2010,4.18173,5.45645
Slovakia,SVK,2010,3.38811,13.05055
Slovenia,SVN,2010,1.6836,2.12841
Sweden,SWE,2010,6.93017,3.51035
Thailand,THA,2010,0.78514,1.12393
Tajikistan,TJK,2010,1.72716,4.30391
Tunisia,TUN,2010,0.59531,5.27968
Turkey,TUR,2010,0.73209,1.2898
Ukraine,UKR,2010,1.42975,1.33635
Uzbekistan,UZB,2010,0.14972,8.42053
Vietnam,VNM,2010,0.16135,2.34138
Zimbabwe,ZWE,2010,0.93435,27.27247
Aruba,ABW,2011,3.55431,8.55397
Albania,ALB,2011,1.0973,18.76693
Armenia,ARM,2011,3.0059,4.98204
Antigua and Barbuda,ATG,2011,9.55056,60.02345
Austria,AUT,2011,17.63254,3.75728
Azerbaijan,AZE,2011,2.80243,10.56499
Belgium,BEL,2011,8.18868,2.68595
Burkina Faso,BFA,2011,3.58536,6.71149
Bulgaria,BGR,2011,3.62645,8.3043
Bosnia and Herzegovina,BIH,2011,4.82439,10.67146
Belarus,BLR,2011,1.74285,6.88451
Bermuda,BMU,2011,7.00685,93.58044
Brazil,BRA,2011,0.20827,0.52867
Barbados,BRB,2011,13.79921,10.00242
Brunei,BRN,2011,5.61425,51.6845
Canada,CAN,2011,8.16061,3.16723
Switzerland,CHE,2011,16.22183,4.66017
Chile,CHL,2011,0.27687,1.23606
China,CHN,2011,0.25437,2.02949
Cote d'Ivoire,CIV,2011,1.89183,14.70048
Cameroon,CMR,2011,1.38597,10.0132
Democratic Republic of Congo,COD,2011,0.45972,1.32103
Congo,COG,2011,0.11495,40.58571
Comoros,COM,2011,0.0,104.78872
Cape Verde,CPV,2011,1.35101,32.95627
Cuba,CUB,2011,4.10801,0.35875
Cyprus,CYP,2011,27.99053,84.48278
Czechia,CZE,2011,8.52635,2.69153
Djibouti,DJI,2011,0.0,64.59888
Denmark,DNK,2011,7.82136,2.38121
Algeria,DZA,2011,0.54932,2.01984
Spain,ESP,2011,3.21131,1.4243
Estonia,EST,2011,2.06908,6.19094
Finland,FIN,2011,5.09412,2.52826
France,FRA,2011,11.87069,2.66841
United Kingdom,GBR,2011,16.84985,1.15563
Georgia,GEO,2011,1.54581,7.50058
Ghana,GHA,2011,1.98767,3.58548
Guinea,GIN,2011,1.31018,6.98857
Greece,GRC,2011,4.96836,4.45271
Guyana,GUY,2011,0.53783,21.02551
Hong Kong,HKG,2011,6.63889,11.60228
Croatia,HRV,2011,0.44817,6.12787
Hungary,HUN,2011,4.31103,2.12167
India,IND,2011,0.1033,0.75961
Ireland,IRL,2011,10.70594,10.45355
Iran,IRN,2011,0.10546,1.2329
Iceland,ISL,2011,5.83179,14.35274
Israel,ISR,2011,1.07913,3.87145
Italy,ITA,2011,3.73984,2.24713
Jordan,JOR,2011,9.93163,6.45867
Kazakhstan,KAZ,2011,1.304,5.31666
Kyrgyzstan,KGZ,2011,5.09138,2.17453
South Korea,KOR,2011,1.86754,3.49974
Laos,LAO,2011,0.62718,3.28649
Lebanon,LBN,2011,15.29991,6.03543
Saint Lucia,LCA,2011,11.2934,45.53289
Liechtenstein,LIE,2011,78.96341,100.05005
Sri Lanka,LKA,2011,0.17953,6.77282
Lithuania,LTU,2011,1.60541,5.44803
Latvia,LVA,2011,1.90552,5.8161
Macao,MAC,2011,44.63777,6.01609
Moldova,MDA,2011,1.24973,13.73605
Madagascar,MDG,2011,1.67391,5.63646
Mali,MLI,2011,1.27296,8.85575
Malta,MLT,2011,4.09886,10.92179
Myanmar,MMR,2011,0.00986,1.08887
Mongolia,MNG,2011,0.60702,6.06366
Mozambique,MOZ,2011,0.34901,1.91492
Mauritius,MUS,2011,1.76851,21.78252
Malaysia,MYS,2011,6.13931,5.70448
Niger,NER,2011,6.60192,26.06988
Netherlands,NLD,2011,4.91876,1.74506
Norway,NOR,2011,7.23765,6.73068
Nepal,NPL,2011,0.02776,7.72556
Oman,OMN,2011,2.36243,11.30865
World,OWID_WRL,2011,2.09893,2.09893
Poland,POL,2011,0.99556,1.29941
Palestine,PSE,2011,0.0,8.36676
Qatar,QAT,2011,40.30745,18.39977
Romania,ROU,2011,1.8438,3.25965
Russia,RUS,2011,1.91746,0.59768
Saudi Arabia,SAU,2011,3.41941,5.58454
Senegal,SEN,2011,6.92739,10.17832
Singapore,SGP,2011,21.74497,8.72015
El Salvador,SLV,2011,0.48886,1.87898
Serbia,SRB,2011,3.60651,5.74501
Slovakia,SVK,2011,3.86558,14.51882
Slovenia,SVN,2011,1.84442,2.40246
Sweden,SWE,2011,7.8791,3.70179
Eswatini,SWZ,2011,0.88724,49.79749
Seychelles,SYC,2011,0.0,219.6027
Chad,TCD,2011,4.01659,21.68455
Thailand,THA,2011,0.80706,1.06169
Tajikistan,TJK,2011,1.81853,4.58515
Tunisia,TUN,2011,0.56143,5.36199
Turkey,TUR,2011,0.81523,1.21701
Uganda,UGA,2011,10.73262,3.8895
Ukraine,UKR,2011,1.51102,1.44389
Uzbekistan,UZB,2011,0.13625,8.33927
Vietnam,VNM,2011,0.16672,2.30474
Yemen,YEM,2011,4.2591,5.09763
Zimbabwe,ZWE,2011,0.69465,31.48865
Aruba,ABW,2012,1.37352,8.30097
Albania,ALB,2012,1.30006,15.16122
Armenia,ARM,2012,3.4338,5.86884
Antigua and Barbuda,ATG,2012,11.99777,32.90491
Austria,AUT,2012,14.04076,3.77722
Azerbaijan,AZE,2012,2.50387,9.08585
Belgium,BEL,2012,8.98324,2.80317
Burkina Faso,BFA,2012,2.96107,6.05778
Bulgaria,BGR,2012,3.93481,8.8032
Bosnia and Herzegovina,BIH,2012,5.87955,10.33585
Belarus,BLR,2012,2.06324,7.05104
Bermuda,BMU,2012,6.72926,113.25075
Brazil,BRA,2012,0.21019,0.53195
Brunei,BRN,2012,4.24664,42.55736
Central African Republic,CAF,2012,14.3747,16.70084
Canada,CAN,2012,8.98,3.11991
Switzerland,CHE,2012,16.49572,4.37963
Chile,CHL,2012,0.30936,1.1185
China,CHN,2012,0.27306,2.07716
Cameroon,CMR,2012,1.13125,8.68091
Comoros,COM,2012,0.03286,101.52266
Cape Verde,CPV,2012,1.12712,35.8578
Cuba,CUB,2012,4.52202,0.44772
Cyprus,CYP,2012,23.46091,84.8841
Czechia,CZE,2012,8.96236,2.75728
Denmark,DNK,2012,8.13101,2.13906
Dominican Republic,DOM,2012,3.48345,0.86383
Algeria,DZA,2012,0.59582,2.05055
Ecuador,ECU,2012,0.58947,2.30335
Spain,ESP,2012,2.83641,1.56379
Estonia,EST,2012,2.32668,6.59966
Finland,FIN,2012,5.70885,2.66497
France,FRA,2012,11.81894,2.80212
United Kingdom,GBR,2012,17.13637,1.06668
Georgia,GEO,2012,1.68049,9.93065
Ghana,GHA,2012,3.09199,3.52661
Guinea,GIN,2012,0.91922,7.04756
Greece,GRC,2012,4.37127,5.13829
Guyana,GUY,2012,0.38388,18.99437
Hong Kong,HKG,2012,7.81951,11.45886
Honduras,HND,2012,0.90434,2.41218
Croatia,HRV,2012,0.53532,5.43788
Hungary,HUN,2012,4.60136,2.07288
Indonesia,IDN,2012,0.11606,0.58388
India,IND,2012,0.09918,0.66675
Ireland,IRL,2012,5.76183,9.63553
Iran,IRN,2012,0.10244,1.17826
Iceland,ISL,2012,6.20975,14.32577
Israel,ISR,2012,1.18835,3.96488
Italy,ITA,2012,4.03608,2.48864
Jordan,JOR,2012,9.10902,5.65384
Kazakhstan,KAZ,2012,1.08963,5.149
Kyrgyzstan,KGZ,2012,3.7644,2.19136
South Korea,KOR,2012,1.77178,3.36197
Laos,LAO,2012,0.46551,3.45174
Lebanon,LBN,2012,12.81611,5.98213
Saint Lucia,LCA,2012,19.31075,66.79606
Liechtenstein,LIE,2012,80.625,97.696
Sri Lanka,LKA,2012,0.13818,6.06903
Lesotho,LSO,2012,0.4979,11.47728
Lithuania,LTU,2012,1.79247,6.85544
Luxembourg,LUX,2012,40.55875,126.75226
Latvia,LVA,2012,2.79882,6.58466
Macao,MAC,2012,31.53334,7.03649
Moldova,MDA,2012,1.55068,13.68936
Madagascar,MDG,2012,1.73658,5.45131
Marshall Islands,MHL,2012,0.97744,18.97719
North Macedonia,MKD,2012,2.16684,7.10155
Mali,MLI,2012,0.8567,6.92611
Malta,MLT,2012,4.84307,11.20284
Myanmar,MMR,2012,0.01577,1.11285
Mongolia,MNG,2012,0.60855,5.92402
Mauritius,MUS,2012,2.30051,18.50226
Malaysia,MYS,2012,5.22005,5.49054
Niger,NER,2012,5.42639,20.36978
Netherlands,NLD,2012,7.24551,1.88557
Norway,NOR,2012,7.74649,6.93522
World,OWID_WRL,2012,2.07318,2.07318
Poland,POL,2012,1.17202,1.29822
Palestine,PSE,2012,0.0,9.33129
Qatar,QAT,2012,41.43403,20.32258
Romania,ROU,2012,2.44126,4.50435
Russia,RUS,2012,2.17493,0.63727
Rwanda,RWA,2012,0.76356,8.62239
Saudi Arabia,SAU,2012,3.86117,5.5282
Senegal,SEN,2012,11.60808,9.68383
Singapore,SGP,2012,19.16522,8.60988
El Salvador,SLV,2012,0.40504,2.18362
Serbia,SRB,2012,3.8552,5.37849
Slovakia,SVK,2012,4.09489,14.91381
Slovenia,SVN,2012,2.26628,2.3811
Sweden,SWE,2012,6.31529,3.95757
Sint Maarten (Dutch part),SXM,2012,38.28571,4.69588
Seychelles,SYC,2012,0.0,478.2225
Thailand,THA,2012,0.8356,1.08301
Tajikistan,TJK,2012,1.60042,4.3995
Tunisia,TUN,2012,0.53191,5.3349
Turkey,TUR,2012,0.8864,1.06474
Ukraine,UKR,2012,1.82389,1.55673
Uzbekistan,UZB,2012,0.18521,7.48895
Vietnam,VNM,2012,0.17672,2.36159
South Africa,ZAF,2012,4.19401,0.65344
Zimbabwe,ZWE,2012,0.37442,17.81079
Aruba,ABW,2013,22.77731,19.38575
Andorra,AND,2013,36.24535,228.57713
Armenia,ARM,2013,3.01631,6.2037
Austria,AUT,2013,16.75873,3.76215
Azerbaijan,AZE,2013,2.3674,11.89353
Burundi,BDI,2013,8.04548,6.48317
Belgium,BEL,2013,9.97936,2.59201
Burkina Faso,BFA,2013,2.89999,5.98275
Bulgaria,BGR,2013,4.08298,8.76165
Bosnia and Herzegovina,BIH,2013,6.48272,9.56056
Belarus,BLR,2013,2.40871,6.78719
Canada,CAN,2013,9.72349,3.007
Switzerland,CHE,2013,16.84654,4.36657
Chile,CHL,2013,0.25562,1.10194
China,CHN,2013,0.2828,2.10914
Democratic Republic of Congo,COD,2013,1.17703,1.88559
Congo,COG,2013,0.9288,33.05336
Cape Verde,CPV,2013,0.96419,33.04497
Cuba,CUB,2013,4.49709,0.58516
Cyprus,CYP,2013,14.87877,82.31708
Czechia,CZE,2013,9.3903,2.94517
Germany,DEU,2013,7.07259,4.33668
Denmark,DNK,2013,10.12547,1.81813
Algeria,DZA,2013,0.59102,1.68494
Egypt,EGY,2013,1.77564,0.81634
Spain,ESP,2013,2.86182,1.52896
Estonia,EST,2013,2.89479,6.44848
Finland,FIN,2013,7.0739,2.68414
France,FRA,2013,9.77869,3.29078
United Kingdom,GBR,2013,17.46263,1.19981
Georgia,GEO,2013,3.03337,6.37078
Ghana,GHA,2013,3.0441,3.03337
Greece,GRC,2013,4.18636,5.14766
Hong Kong,HKG,2013,8.89862,10.72427
Honduras,HND,2013,0.89048,2.22858
Croatia,HRV,2013,0.30372,5.18539
Hungary,HUN,2013,5.7637,2.46307
India,IND,2013,0.12216,0.68013
Ireland,IRL,2013,6.44894,8.21541
Iran,IRN,2013,0.16157,1.13319
Iceland,ISL,2013,6.54029,14.87912
Israel,ISR,2013,2.75871,3.72287
Italy,ITA,2013,4.40275,2.6892
Japan,JPN,2013,3.51571,0.8657
Kazakhstan,KAZ,2013,1.11459,6.93229
Kyrgyzstan,KGZ,2013,3.95743,2.07731
South Korea,KOR,2013,1.66163,3.40696
Laos,LAO,2013,0.23123,3.52731
Saint Lucia,LCA,2013,16.53747,41.03955
Sri Lanka,LKA,2013,0.27403,5.41277
Lesotho,LSO,2013,0.43202,12.10619
Lithuania,LTU,2013,2.45155,7.53222
Latvia,LVA,2013,3.71002,6.73467
Macao,MAC,2013,33.57935,7.86686
Morocco,MAR,2013,1.4057,5.7012
Moldova,MDA,2013,1.883,15.34817
Madagascar,MDG,2013,1.74538,4.45859
Mexico,MEX,2013,0.243,0.85069
North Macedonia,MKD,2013,2.16044,6.50588
Mali,MLI,2013,0.96661,8.08109
Malta,MLT,2013,5.05806,15.1362
Mongolia,MNG,2013,0.62143,5.1726
Mozambique,MOZ,2013,0.28407,1.45541
Mauritius,MUS,2013,2.86874,17.41941
Norway,NOR,2013,3.61528,7.10629
New Zealand,NZL,2013,16.11515,2.10943
Oman,OMN,2013,2.44346,10.93281
World,OWID_WRL,2013,2.12586,2.12586
Poland,POL,2013,1.45933,1.22373
Palestine,PSE,2013,0.0,10.40515
Qatar,QAT,2013,40.70902,23.32183
Romania,ROU,2013,3.48795,5.26795
Rwanda,RWA,2013,0.95565,8.64848
Saudi Arabia,SAU,2013,4.58078,5.52857
Senegal,SEN,2013,13.83742,8.42926
El Salvador,SLV,2013,0.42882,2.11192
Serbia,SRB,2013,3.73726,5.30109
Slovakia,SVK,2013,4.85962,15.84792
Slovenia,SVN,2013,2.62318,2.67739
Sweden,SWE,2013,5.82612,4.13586
Eswatini,SWZ,2013,0.50887,34.93811
Seychelles,SYC,2013,0.0,198.5907
Tajikistan,TJK,2013,0.85574,5.30506
Tunisia,TUN,2013,1.84829,5.05891
Turkey,TUR,2013,1.09305,0.91078
Ukraine,UKR,2013,2.25273,1.92831
United States,USA,2013,3.92751,0.38026
Uzbekistan,UZB,2013,0.22073,7.83933
Vietnam,VNM,2013,0.16035,2.48862
South Africa,ZAF,2013,4.08954,0.68661
Aruba,ABW,2014,22.02429,17.59342
Afghanistan,AFG,2014,0.0,7.46959
Armenia,ARM,2014,3.94907,6.62658
Austria,AUT,2014,15.47035,3.94115
Azerbaijan,AZE,2014,2.25485,16.69991
Belgium,BEL,2014,11.19477,2.60203
Benin,BEN,2014,6.86665,3.94024
Burkina Faso,BFA,2014,1.44502,6.18527
Bulgaria,BGR,2014,3.98244,8.65453
Bahrain,BHR,2014,13.22121,13.23271
Bosnia and Herzegovina,BIH,2014,7.27606,9.36509
Belarus,BLR,2014,2.88343,6.7821
Bermuda,BMU,2014,20.75812,146.84116
Brazil,BRA,2014,0.23653,0.55968
Brunei,BRN,2014,3.1881,30.82835
Botswana,BWA,2014,2.57038,6.22197
Canada,CAN,2014,10.41181,3.01563
Switzerland,CHE,2014,17.10329,4.26082
Chile,CHL,2014,0.26901,1.09423
China,CHN,2014,0.25813,1.83657
Cote d'Ivoire,CIV,2014,1.67702,6.03907
Colombia,COL,2014,0.17418,1.56962
Comoros,COM,2014,0.0,107.24864
Cape Verde,CPV,2014,1.35105,23.68969
Cuba,CUB,2014,4.3367,0.72777
Cyprus,CYP,2014,14.34935,77.32227
Czechia,CZE,2014,9.82958,2.95476
Germany,DEU,2014,7.22965,4.07073
Denmark,DNK,2014,9.93401,1.81448
Dominican Republic,DOM,2014,2.34214,0.9557
Algeria,DZA,2014,0.63855,1.66148
Egypt,EGY,2014,1.87944,0.94014
Estonia,EST,2014,3.71679,6.98428
Finland,FIN,2014,7.43498,2.88748
France,FRA,2014,9.84239,3.44412
United Kingdom,GBR,2014,18.22084,1.27812
Ghana,GHA,2014,3.89987,3.0074
Hong Kong,HKG,2014,9.84401,11.15922
Honduras,HND,2014,0.69347,2.26416
Croatia,HRV,2014,0.3848,5.32088
Hungary,HUN,2014,7.04436,2.90397
India,IND,2014,0.12866,0.71635
Ireland,IRL,2014,6.99714,7.55627
Iran,IRN,2014,0.24092,1.08481
Iceland,ISL,2014,7.39661,13.74482
Israel,ISR,2014,2.77781,3.73624
Italy,ITA,2014,4.72098,2.96222
Japan,JPN,2014,3.43525,0.87771
Kazakhstan,KAZ,2014,1.50921,9.21057
Kyrgyzstan,KGZ,2014,4.50545,3.12338
Saint Kitts and Nevis,KNA,2014,73.23366,12.00109
South Korea,KOR,2014,1.58066,3.31839
Laos,LAO,2014,0.41001,2.55828
Lebanon,LBN,2014,7.64127,6.09844
Saint Lucia,LCA,2014,22.79152,32.87712
Liechtenstein,LIE,2014,85.3012,116.72117
Sri Lanka,LKA,2014,0.29568,5.426
Lesotho,LSO,2014,0.39499,12.50692
Latvia,LVA,2014,4.9927,6.71487
Macao,MAC,2014,36.82802,7.02212
Morocco,MAR,2014,1.80135,5.37681
Moldova,MDA,2014,2.05545,18.1739
Madagascar,MDG,2014,1.76687,3.88333
North Macedonia,MKD,2014,2.83629,6.31258
Mali,MLI,2014,0.87495,9.33373
Malta,MLT,2014,5.86043,9.77663
Mongolia,MNG,2014,0.64496,5.48249
Mozambique,MOZ,2014,0.36969,1.35503
Mauritius,MUS,2014,3.82134,18.30956
Malaysia,MYS,2014,8.83383,5.54365
Namibia,NAM,2014,8.75796,10.12808
Norway,NOR,2014,3.49726,6.93361
New Zealand,NZL,2014,18.74357,1.95637
Oman,OMN,2014,2.62724,10.96961
World,OWID_WRL,2014,2.12477,2.12477
Poland,POL,2014,1.96659,1.35127
Palestine,PSE,2014,0.0,11.97728
Qatar,QAT,2014,39.90497,18.22527
Romania,ROU,2014,4.07098,5.65912
Russia,RUS,2014,3.04967,0.79947
Rwanda,RWA,2014,0.9276,8.09144
Saudi Arabia,SAU,2014,4.79532,5.62678
Senegal,SEN,2014,14.69561,8.53748
El Salvador,SLV,2014,0.3999,1.97484
Serbia,SRB,2014,3.67061,5.79475
Slovakia,SVK,2014,5.61374,16.203
Slovenia,SVN,2014,2.74657,2.76511
Sweden,SWE,2014,5.90554,4.09492
Sint Maarten (Dutch part),SXM,2014,43.25843,50.40128
Seychelles,SYC,2014,0.0,93.42748
Tajikistan,TJK,2014,0.55362,6.17675
Turkmenistan,TKM,2014,0.1959,107.05278
Turkey,TUR,2014,0.88045,0.82583
Ukraine,UKR,2014,2.79759,2.32662
United States,USA,2014,4.27601,0.39721
Uzbekistan,UZB,2014,0.26262,10.02833
Vietnam,VNM,2014,0.09435,2.2091
South Africa,ZAF,2014,4.18186,0.80797
Aruba,ABW,2015,27.61578,19.13029
Andorra,AND,2015,41.71657,269.601
Armenia,ARM,2015,4.21008,7.17581
Australia,AUS,2015,15.46862,0.65917
Austria,AUT,2015,15.89104,4.09355
Azerbaijan,AZE,2015,2.0519,19.57826
Burundi,BDI,2015,3.21718,5.00401
Belgium,BEL,2015,11.18446,2.6788
Benin,BEN,2015,7.89267,4.85174
Burkina Faso,BFA,2015,2.75844,6.50738
Bulgaria,BGR,2015,4.24588,8.72375
Bahrain,BHR,2015,13.87368,13.99286
Bosnia and Herzegovina,BIH,2015,7.47269,10.21196
Belarus,BLR,2015,3.32844,6.05761
Bermuda,BMU,2015,17.57451,175.21365
Brazil,BRA,2015,0.23964,0.60842
Brunei,BRN,2015,4.8684,31.80273
Botswana,BWA,2015,1.63082,5.32637
Canada,CAN,2015,10.97118,3.19469
Switzerland,CHE,2015,17.18152,4.32663
Chile,CHL,2015,0.31184,1.09912
China,CHN,2015,0.28392,1.88763
Cote d'Ivoire,CIV,2015,1.79823,6.0139
Colombia,COL,2015,0.18849,1.57632
Cape Verde,CPV,2015,1.3479,24.6159
Cuba,CUB,2015,4.22856,0.88376
Cyprus,CYP,2015,17.53215,68.70542
Czechia,CZE,2015,10.54664,3.16575
Germany,DEU,2015,7.6821,3.9339
Denmark,DNK,2015,10.28315,1.60829
Dominican Republic,DOM,2015,2.07351,0.87292
Algeria,DZA,2015,0.61785,1.58754
Ecuador,ECU,2015,0.77692,2.40446
Estonia,EST,2015,5.17803,7.84721
Finland,FIN,2015,7.6508,3.0873
France,FRA,2015,9.87597,3.58391
United Kingdom,GBR,2015,18.48803,1.35094
Georgia,GEO,2015,3.74511,6.95035
Ghana,GHA,2015,4.26816,3.20404
Grenada,GRD,2015,68.233,5.25543
Hong Kong,HKG,2015,10.70008,12.19269
Honduras,HND,2015,0.76432,2.36756
Croatia,HRV,2015,0.50672,5.46
Hungary,HUN,2015,7.05393,3.4586
Indonesia,IDN,2015,0.10371,0.63673
India,IND,2015,0.13079,0.80443
Ireland,IRL,2015,7.36843,7.02383
Iran,IRN,2015,0.28665,1.06483
Italy,ITA,2015,4.95046,3.33827
Jordan,JOR,2015,12.91063,7.23457
Japan,JPN,2015,3.43216,0.79521
Kazakhstan,KAZ,2015,1.51531,11.88517
Kyrgyzstan,KGZ,2015,4.79422,3.56254
South Korea,KOR,2015,1.66886,3.30052
Laos,LAO,2015,0.24195,2.71095
Lebanon,LBN,2015,9.85457,6.81625
Saint Lucia,LCA,2015,19.40459,30.4622
Liechtenstein,LIE,2015,87.6,133.92995
Sri Lanka,LKA,2015,0.32013,5.67948
Lesotho,LSO,2015,0.32312,12.90366
Lithuania,LTU,2015,3.53768,8.03636
Luxembourg,LUX,2015,45.86717,145.86916
Latvia,LVA,2015,6.11893,6.75407
Macao,MAC,2015,39.68997,8.70851
Morocco,MAR,2015,1.75335,5.12843
Moldova,MDA,2015,2.49829,17.98051
Madagascar,MDG,2015,1.81263,3.82304
Mexico,MEX,2015,0.28429,0.85748
North Macedonia,MKD,2015,3.4937,7.44658
Mali,MLI,2015,0.85628,10.56169
Malta,MLT,2015,6.21217,8.89642
Mongolia,MNG,2015,0.69344,5.41954
Mauritania,MRT,2015,1.36058,23.71785
Mauritius,MUS,2015,4.02419,19.72523
Malaysia,MYS,2015,8.55877,4.97286
Namibia,NAM,2015,8.56113,10.68867
Niger,NER,2015,3.86531,12.54207
Netherlands,NLD,2015,10.22892,1.80681
Norway,NOR,2015,3.62784,6.99733
New Zealand,NZL,2015,21.13901,1.95533
Oman,OMN,2015,2.81298,12.06425
World,OWID_WRL,2015,2.20566,2.20566
Poland,POL,2015,2.64144,1.43297
Portugal,PRT,2015,5.00375,3.62281
Palestine,PSE,2015,0.0,12.42546
Qatar,QAT,2015,37.71262,19.7069
Romania,ROU,2015,4.25974,5.9632
Russia,RUS,2015,3.43472,0.87086
Rwanda,RWA,2015,0.96844,6.38688
Saudi Arabia,SAU,2015,4.78325,5.64606
Senegal,SEN,2015,15.79402,8.56737
El Salvador,SLV,2015,0.38407,2.23634
Serbia,SRB,2015,4.12563,5.71931
Slovakia,SVK,2015,5.89837,17.09155
Slovenia,SVN,2015,2.74949,3.18732
Sweden,SWE,2015,6.22368,4.06137
Sint Maarten (Dutch part),SXM,2015,36.08247,48.93399
Seychelles,SYC,2015,0.0,40.18973
Tajikistan,TJK,2015,0.8302,6.9787
Tunisia,TUN,2015,1.99675,5.85762
Turkey,TUR,2015,1.19049,0.7531
Ukraine,UKR,2015,3.24194,3.84011
United States,USA,2015,4.64501,0.41378
Uzbekistan,UZB,2015,0.29043,10.71697
Vietnam,VNM,2015,0.11651,2.75826
South Africa,ZAF,2015,4.12091,0.86727
Zimbabwe,ZWE,2015,0.4669,12.69166
Aruba,ABW,2016,27.62385,20.12196
Andorra,AND,2016,42.88321,257.64932
Argentina,ARG,2016,2.47254,0.24814
Armenia,ARM,2016,4.10043,7.23323
Australia,AUS,2016,17.48711,0.69614
Austria,AUT,2016,16.34874,4.22105
Azerbaijan,AZE,2016,2.00863,21.26441
Burundi,BDI,2016,3.57162,7.6174
Belgium,BEL,2016,12.02156,2.7857
Benin,BEN,2016,8.87767,5.35355
Burkina Faso,BFA,2016,2.97272,6.06857
Bulgaria,BGR,2016,4.57468,9.04684
Bahrain,BHR,2016,12.60911,14.28842
Bosnia and Herzegovina,BIH,2016,7.30077,11.4131
Belarus,BLR,2016,3.72705,5.80356
Brazil,BRA,2016,0.24036,0.62498
Brunei,BRN,2016,3.16985,32.00693
Botswana,BWA,2016,2.63122,5.9791
Canada,CAN,2016,11.89155,3.17834
Switzerland,CHE,2016,17.58807,4.55017
Chile,CHL,2016,0.36937,1.1128
China,CHN,2016,0.31337,1.97523
Cote d'Ivoire,CIV,2016,2.13324,6.51154
Cameroon,CMR,2016,0.97257,9.65854
Democratic Republic of Congo,COD,2016,0.43837,2.19642
Colombia,COL,2016,0.16438,1.5654
Cape Verde,CPV,2016,0.99033,27.0842
Cuba,CUB,2016,4.23976,0.93882
Cyprus,CYP,2016,19.13897,63.03686
Czechia,CZE,2016,11.51021,3.36942
Germany,DEU,2016,8.03708,3.88213
Denmark,DNK,2016,10.81055,1.61263
Dominican Republic,DOM,2016,1.95875,0.77696
Algeria,DZA,2016,0.49875,1.5216
Egypt,EGY,2016,1.83424,1.12917
Spain,ESP,2016,2.53146,1.93815
Estonia,EST,2016,6.80341,7.87149
Finland,FIN,2016,7.80615,3.42576
France,FRA,2016,9.89236,3.67007
United Kingdom,GBR,2016,18.09595,1.44562
Georgia,GEO,2016,4.93164,6.61347
Ghana,GHA,2016,3.79014,3.30963
Greece,GRC,2016,3.34523,5.03348
Grenada,GRD,2016,69.33231,5.60574
Hong Kong,HKG,2016,10.65677,12.42851
Honduras,HND,2016,1.17883,2.3186
Croatia,HRV,2016,0.42773,5.69607
Hungary,HUN,2016,8.85625,3.93976
Indonesia,IDN,2016,0.1005,0.62713
India,IND,2016,0.1382,0.94716
Ireland,IRL,2016,8.18777,6.73949
Iran,IRN,2016,0.43,1.21363
Iceland,ISL,2016,6.77784,14.31507
Italy,ITA,2016,5.10229,3.70393
Jordan,JOR,2016,14.89943,7.86413
Japan,JPN,2016,3.72913,0.82348
Kazakhstan,KAZ,2016,2.00999,14.46805
Kenya,KEN,2016,0.88597,2.61208
Kyrgyzstan,KGZ,2016,5.9315,4.59551
South Korea,KOR,2016,1.93138,3.2918
Laos,LAO,2016,0.36814,5.13454
Lebanon,LBN,2016,8.87242,7.33026
Saint Lucia,LCA,2016,24.47244,26.84055
Liechtenstein,LIE,2016,88.88889,132.86798
Sri Lanka,LKA,2016,0.43615,6.51608
Lithuania,LTU,2016,4.11113,7.99992
Luxembourg,LUX,2016,46.99454,152.27228
Latvia,LVA,2016,7.67068,6.6543
Macao,MAC,2016,42.38036,8.29775
Morocco,MAR,2016,1.74793,4.88709
Moldova,MDA,2016,3.62866,19.61253
Madagascar,MDG,2016,1.76821,3.75989
Mexico,MEX,2016,0.29813,0.78224
Malta,MLT,2016,8.43274,7.69117
Mongolia,MNG,2016,0.89162,6.24191
Mozambique,MOZ,2016,0.38059,1.39848
Mauritania,MRT,2016,2.03649,24.51914
Mauritius,MUS,2016,4.54712,20.18211
Malaysia,MYS,2016,9.28757,4.87151
Namibia,NAM,2016,7.06472,9.84335
Niger,NER,2016,4.48533,10.81114
Netherlands,NLD,2016,10.74382,2.03547
Norway,NOR,2016,3.92144,6.80012
New Zealand,NZL,2016,19.83942,2.06282
Oman,OMN,2016,2.94506,12.61967
World,OWID_WRL,2016,2.31801,2.31801
Poland,POL,2016,3.42043,1.51442
Palestine,PSE,2016,0.0,13.42568
Qatar,QAT,2016,37.87921,22.12411
Romania,ROU,2016,4.82495,6.34328
Russia,RUS,2016,3.94274,0.92698
Rwanda,RWA,2016,0.72576,5.69404
Saudi Arabia,SAU,2016,4.92184,5.5631
Senegal,SEN,2016,8.1208,8.36793
El Salvador,SLV,2016,0.39292,2.34134
Serbia,SRB,2016,4.25622,5.97353
Slovakia,SVK,2016,6.02104,19.11005
Slovenia,SVN,2016,3.31073,3.58224
Sweden,SWE,2016,6.57668,4.06383
Seychelles,SYC,2016,0.0,41.27001
Thailand,THA,2016,1.30961,1.28557
Tajikistan,TJK,2016,0.63215,8.40885
Tunisia,TUN,2016,2.11691,7.02916
Turkey,TUR,2016,1.31411,0.68094
Ukraine,UKR,2016,3.20431,4.58192
United States,USA,2016,5.03627,0.43674
Uzbekistan,UZB,2016,0.27251,12.3863
British Virgin Islands,VGB,2016,16.78657,43.02897
Vietnam,VNM,2016,0.24374,3.58299
South Africa,ZAF,2016,4.28452,0.96364
Andorra,AND,2017,30.84746,246.82637
Argentina,ARG,2017,2.82948,0.26815
Armenia,ARM,2017,4.30378,5.61905
Australia,AUS,2017,21.47796,0.79829
Austria,AUT,2017,17.18621,4.49097
Azerbaijan,AZE,2017,2.07279,20.75379
Burundi,BDI,2017,4.45414,7.82254
Belgium,BEL,2017,8.53861,2.85418
Benin,BEN,2017,7.02737,5.89193
Burkina Faso,BFA,2017,3.11468,5.84846
Bulgaria,BGR,2017,5.49979,10.03806
Bahrain,BHR,2017,13.14699,13.81323
Bosnia and Herzegovina,BIH,2017,7.11617,15.09851
Belarus,BLR,2017,4.19587,5.35449
Bermuda,BMU,2017,22.22222,242.8581
Brazil,BRA,2017,0.24116,0.68021
Brunei,BRN,2017,3.76089,28.80026
Botswana,BWA,2017,2.38654,5.1899
Canada,CAN,2017,12.91719,3.05391
Switzerland,CHE,2017,17.75276,4.78507
Chile,CHL,2017,0.37999,1.27003
China,CHN,2017,0.35603,2.10385
Cote d'Ivoire,CIV,2017,2.17333,6.38598
Cameroon,CMR,2017,1.35775,9.45817
Colombia,COL,2017,0.18599,1.86137
Cape Verde,CPV,2017,0.81954,27.463
Costa Rica,CRI,2017,1.30318,1.54594
Cuba,CUB,2017,3.75303,0.91135
Cyprus,CYP,2017,23.0895,54.03172
Czechia,CZE,2017,12.54304,3.74079
Germany,DEU,2017,8.37318,3.97887
Denmark,DNK,2017,10.75681,1.70285
Dominican Republic,DOM,2017,1.72625,0.79615
Algeria,DZA,2017,0.55295,1.66325
Spain,ESP,2017,3.2299,2.07083
Estonia,EST,2017,8.25813,8.21351
Finland,FIN,2017,8.17791,3.71195
France,FRA,2017,10.20123,3.74854
United Kingdom,GBR,2017,17.91753,1.50334
Georgia,GEO,2017,5.53843,7.8525
Ghana,GHA,2017,2.92312,3.35632
Greece,GRC,2017,3.41035,5.16521
Grenada,GRD,2017,71.73818,5.7566
Hong Kong,HKG,2017,11.44103,12.18684
Honduras,HND,2017,1.13761,2.06374
Croatia,HRV,2017,2.89412,5.87006
Hungary,HUN,2017,9.97429,4.32004
Indonesia,IDN,2017,0.09772,0.61115
India,IND,2017,0.13994,1.02801
Ireland,IRL,2017,8.88011,6.69895
Iran,IRN,2017,0.51637,1.30629
Iceland,ISL,2017,6.85145,14.70623
Italy,ITA,2017,5.31085,4.07511
Jordan,JOR,2017,13.94028,8.83242
Japan,JPN,2017,4.26516,0.82457
Kazakhstan,KAZ,2017,2.21043,13.54336
Kenya,KEN,2017,0.93401,2.69288
Kyrgyzstan,KGZ,2017,6.55259,4.93513
South Korea,KOR,2017,2.25724,3.36239
Laos,LAO,2017,0.42366,4.57997
Lebanon,LBN,2017,8.89405,8.12212
Saint Lucia,LCA,2017,14.743,25.84867
Liechtenstein,LIE,2017,87.98498,129.81078
Sri Lanka,LKA,2017,0.45199,7.26115
Lesotho,LSO,2017,0.32784,13.54955
Lithuania,LTU,2017,4.61295,8.28799
Luxembourg,LUX,2017,46.72712,156.15527
Latvia,LVA,2017,7.3932,6.41161
Macao,MAC,2017,45.25496,10.69765
Morocco,MAR,2017,1.9926,5.07858
Monaco,MCO,2017,0.34404,49.84852
Moldova,MDA,2017,4.13059,19.5661
Madagascar,MDG,2017,1.74337,3.49292
Mexico,MEX,2017,0.56712,0.77295
North Macedonia,MKD,2017,4.72125,8.91258
Malta,MLT,2017,8.28423,7.40309
Mongolia,MNG,2017,0.9673,6.73265
Mozambique,MOZ,2017,0.29405,1.50809
Mauritania,MRT,2017,1.4403,25.33826
Mauritius,MUS,2017,5.37194,22.1986
Malaysia,MYS,2017,8.06813,5.10904
Namibia,NAM,2017,6.1057,9.12801
Niger,NER,2017,4.31912,9.23485
Netherlands,NLD,2017,10.99874,2.11208
Norway,NOR,2017,3.1527,6.23891
New Zealand,NZL,2017,19.6089,1.78746
Oman,OMN,2017,2.50971,13.42766
World,OWID_WRL,2017,2.42635,2.42635
Poland,POL,2017,4.12365,1.62305
Portugal,PRT,2017,6.39665,4.07012
Palestine,PSE,2017,0.0,11.96744
Qatar,QAT,2017,35.27832,21.04774
Romania,ROU,2017,5.17508,6.77893
Russia,RUS,2017,4.25808,0.9703
Rwanda,RWA,2017,1.72954,5.89757
Saudi Arabia,SAU,2017,4.6608,5.01297
Senegal,SEN,2017,8.32293,7.91446
El Salvador,SLV,2017,0.35363,2.36094
Serbia,SRB,2017,4.43481,6.18554
Slovakia,SVK,2017,6.89788,20.79802
Slovenia,SVN,2017,3.8845,4.17826
Sweden,SWE,2017,6.74252,3.88097
Sint Maarten (Dutch part),SXM,2017,3.9823,46.57071
Seychelles,SYC,2017,0.0,36.97549
Tajikistan,TJK,2017,0.84317,7.44754
Tunisia,TUN,2017,2.25723,7.92589
Turkey,TUR,2017,1.50127,0.63469
Ukraine,UKR,2017,3.1649,4.67181
United States,USA,2017,5.17971,0.45687
Uzbekistan,UZB,2017,0.21425,12.44736
Samoa,WSM,2017,2.66385,42.44401
South Africa,ZAF,2017,4.06212,0.96593
Albania,ALB,2018,1.49356,14.23028
Andorra,AND,2018,44.19714,245.04723
Argentina,ARG,2018,3.42376,0.26756
Armenia,ARM,2018,4.46881,6.37907
Australia,AUS,2018,26.50268,0.83766
Austria,AUT,2018,17.49413,5.02789
Azerbaijan,AZE,2018,2.34087,22.0265
Burundi,BDI,2018,4.76725,8.65186
Belgium,BEL,2018,10.45448,3.08024
Benin,BEN,2018,4.5043,5.78129
Burkina Faso,BFA,2018,2.7165,5.60565
Bulgaria,BGR,2018,6.41251,10.61144
Bahrain,BHR,2018,13.44014,12.96032
Bosnia and Herzegovina,BIH,2018,7.44466,16.18888
Belarus,BLR,2018,4.33723,5.84422
Bermuda,BMU,2018,9.69101,224.7189
Brazil,BRA,2018,0.24229,0.80167
Brunei,BRN,2018,4.36701,25.1088
Canada,CAN,2018,13.838,2.98571
Switzerland,CHE,2018,17.69527,5.37926
Chile,CHL,2018,0.45281,1.3286
China,CHN,2018,0.39673,2.22022
Cameroon,CMR,2018,2.81384,8.33638
Colombia,COL,2018,0.19784,2.07117
Cape Verde,CPV,2018,1.44095,31.70383
Costa Rica,CRI,2018,1.15614,1.74154
Cuba,CUB,2018,3.3936,0.84668
Cyprus,CYP,2018,23.89917,56.18303
Czechia,CZE,2018,13.6055,3.74817
Germany,DEU,2018,9.96628,3.91897
Denmark,DNK,2018,10.70688,1.9125
Algeria,DZA,2018,0.53121,1.8648
Ecuador,ECU,2018,0.84983,3.09032
Spain,ESP,2018,3.45604,2.06305
Estonia,EST,2018,9.5929,8.09512
Finland,FIN,2018,8.05185,3.84661
France,FRA,2018,8.76849,3.80934
United Kingdom,GBR,2018,18.32441,1.59157
Georgia,GEO,2018,6.74764,7.04447
Ghana,GHA,2018,2.24818,3.69379
Greece,GRC,2018,3.43277,5.0998
Grenada,GRD,2018,85.23758,5.37649
Hong Kong,HKG,2018,12.50772,12.26099
Honduras,HND,2018,0.94265,1.98885
Croatia,HRV,2018,3.042,5.92093
Hungary,HUN,2018,11.41062,4.54247
Indonesia,IDN,2018,0.09552,0.64475
India,IND,2018,0.13419,1.10568
Ireland,IRL,2018,9.63793,6.47999
Iran,IRN,2018,0.56912,1.57359
Iceland,ISL,2018,8.01794,18.52019
Italy,ITA,2018,5.62297,4.01894
Jordan,JOR,2018,13.96153,8.35432
Japan,JPN,2018,4.73214,0.83129
Kazakhstan,KAZ,2018,2.26755,13.94185
Kyrgyzstan,KGZ,2018,7.5951,5.88978
South Korea,KOR,2018,2.7482,3.29793
Laos,LAO,2018,0.46947,6.27419
Lebanon,LBN,2018,9.30649,7.90173
Saint Lucia,LCA,2018,12.60617,38.24448
Liechtenstein,LIE,2018,88.40494,127.68088
Sri Lanka,LKA,2018,0.4395,8.15689
Lesotho,LSO,2018,0.35208,14.17614
Lithuania,LTU,2018,5.32603,8.79913
Luxembourg,LUX,2018,47.73534,164.49605
Latvia,LVA,2018,9.26938,6.3843
Macao,MAC,2018,48.8096,8.19617
Morocco,MAR,2018,1.93229,5.00948
Moldova,MDA,2018,5.0735,23.99773
Madagascar,MDG,2018,1.346,3.24021
Mexico,MEX,2018,0.15834,0.73731
North Macedonia,MKD,2018,5.15056,9.49378
Malta,MLT,2018,9.76789,7.37237
Myanmar,MMR,2018,0.04924,1.14826
Mongolia,MNG,2018,1.0538,7.72537
Mozambique,MOZ,2018,0.35946,1.48287
Namibia,NAM,2018,4.76118,9.25267
Niger,NER,2018,5.18066,8.04372
Netherlands,NLD,2018,11.69357,1.9727
Norway,NOR,2018,4.23081,5.96617
New Zealand,NZL,2018,19.68004,1.88288
Oman,OMN,2018,2.72548,13.62262
World,OWID_WRL,2018,2.53607,2.53607
Poland,POL,2018,3.64084,1.76672
Portugal,PRT,2018,7.89079,4.23359
Palestine,PSE,2018,0.0,12.85771
Qatar,QAT,2018,34.20162,26.80115
Romania,ROU,2018,5.40241,6.96746
Russia,RUS,2018,4.54407,0.99698
Rwanda,RWA,2018,4.03101,6.65793
Saudi Arabia,SAU,2018,4.5651,4.77821
Senegal,SEN,2018,7.80889,7.53635
El Salvador,SLV,2018,0.51417,2.36633
San Marino,SMR,2018,91.06901,128.50998
Serbia,SRB,2018,4.43491,6.12462
Slovakia,SVK,2018,8.02855,21.77225
Slovenia,SVN,2018,4.4686,4.17861
Sweden,SWE,2018,7.17108,3.70612
Seychelles,SYC,2018,0.0,49.25873
Tunisia,TUN,2018,2.21662,8.78912
Turkey,TUR,2018,1.65518,0.62672
Ukraine,UKR,2018,3.07388,4.86675
United States,USA,2018,5.21231,0.45524
Uzbekistan,UZB,2018,0.23362,14.13196
Samoa,WSM,2018,3.55731,41.84579
South Africa,ZAF,2018,3.58899,1.02249
Albania,ALB,2019,1.61389,7.97883
Andorra,AND,2019,41.07425,236.5945
United Arab Emirates,ARE,2019,72.78183,4.5166
Argentina,ARG,2019,3.50011,0.27633
Armenia,ARM,2019,5.51761,6.99551
Australia,AUS,2019,28.3749,0.78694
Austria,AUT,2019,17.64123,5.25396
Azerbaijan,AZE,2019,2.22742,20.24628
Belgium,BEL,2019,10.04272,3.19438
Benin,BEN,2019,3.14943,6.50032
Burkina Faso,BFA,2019,2.27881,5.31213
Bulgaria,BGR,2019,7.19023,10.80706
Bahrain,BHR,2019,14.1504,11.16157
Bosnia and Herzegovina,BIH,2019,7.11557,16.93939
Belarus,BLR,2019,4.82255,6.17734
Brazil,BRA,2019,0.24504,0.91832
Brunei,BRN,2019,3.40745,18.59511
Botswana,BWA,2019,2.25976,5.12748
Canada,CAN,2019,16.22091,2.85329
Switzerland,CHE,2019,17.7987,5.57231
Chile,CHL,2019,0.81947,1.37636
China,CHN,2019,0.42809,2.25568
Cote d'Ivoire,CIV,2019,2.64064,6.63033
Cameroon,CMR,2019,3.71677,7.67607
Colombia,COL,2019,0.21905,2.21578
Costa Rica,CRI,2019,1.16405,1.71983
Cuba,CUB,2019,3.05792,0.87533
Cyprus,CYP,2019,26.06003,52.10226
Czechia,CZE,2019,14.36418,3.72324
Germany,DEU,2019,10.10946,3.72266
Denmark,DNK,2019,10.49075,1.89396
Algeria,DZA,2019,0.52424,1.98343
Ecuador,ECU,2019,0.78799,3.11269
Spain,ESP,2019,3.69783,2.06611
Estonia,EST,2019,11.08737,7.95273
Finland,FIN,2019,8.05345,3.8384
France,FRA,2019,9.1747,3.84293
United Kingdom,GBR,2019,18.67706,1.50737
Georgia,GEO,2019,8.1117,6.47195
Ghana,GHA,2019,1.39172,3.49564
Greece,GRC,2019,3.4994,4.98578
Guatemala,GTM,2019,0.22938,0.83008
Hong Kong,HKG,2019,14.31223,12.17503
Honduras,HND,2019,0.82542,2.05775
Croatia,HRV,2019,3.49186,6.20846
Hungary,HUN,2019,12.6053,4.60941
India,IND,2019,0.13493,1.3164
Ireland,IRL,2019,10.71472,6.68647
Iran,IRN,2019,0.64034,1.77001
Iceland,ISL,2019,8.44947,14.78914
Italy,ITA,2019,2.83084,4.13616
Jordan,JOR,2019,12.90606,8.98281
Japan,JPN,2019,5.23799,0.83174
Kazakhstan,KAZ,2019,3.31774,13.04244
Kenya,KEN,2019,1.29359,3.13145
Kyrgyzstan,KGZ,2019,8.97558,5.95772
South Korea,KOR,2019,3.2563,3.34623
Laos,LAO,2019,0.4618,8.18088
Lebanon,LBN,2019,9.58779,7.69023
Saint Lucia,LCA,2019,18.35443,35.07197
Liechtenstein,LIE,2019,86.38858,129.41881
Sri Lanka,LKA,2019,0.46921,8.83655
Lithuania,LTU,2019,5.99188,9.36633
Luxembourg,LUX,2019,48.64827,170.4618
Latvia,LVA,2019,10.42872,6.19674
Macao,MAC,2019,52.48695,8.21415
Morocco,MAR,2019,1.97236,5.06311
Moldova,MDA,2019,5.57991,20.72201
Madagascar,MDG,2019,1.91368,3.13516
Mexico,MEX,2019,0.70708,0.72662
Marshall Islands,MHL,2019,5.62092,11.39812
North Macedonia,MKD,2019,5.19009,9.49552
Malta,MLT,2019,12.43972,7.42977
Mongolia,MNG,2019,1.4433,8.52069
Mauritania,MRT,2019,1.45194,23.91551
Malaysia,MYS,2019,6.72713,4.97705
Namibia,NAM,2019,4.68384,7.49672
Niger,NER,2019,5.40695,9.32189
Norway,NOR,2019,4.27566,5.96498
New Zealand,NZL,2019,20.76879,2.04285
Oman,OMN,2019,2.83931,13.27371
World,OWID_WRL,2019,2.63885,2.63885
Poland,POL,2019,3.85686,1.78603
Portugal,PRT,2019,9.71126,5.79277
Palestine,PSE,2019,0.0,13.30724
Qatar,QAT,2019,35.29378,24.57896
Romania,ROU,2019,5.6757,5.85461
Russia,RUS,2019,4.96532,0.92978
Rwanda,RWA,2019,3.63798,7.76692
Saudi Arabia,SAU,2019,4.4291,4.05935
Senegal,SEN,2019,7.59655,7.73429
El Salvador,SLV,2019,0.37084,2.38579
San Marino,SMR,2019,87.92497,1125.6918
Serbia,SRB,2019,4.60622,5.48474
Slovakia,SVK,2019,9.04062,15.70882
Slovenia,SVN,2019,6.67316,5.98639
Sweden,SWE,2019,7.15165,3.76677
Seychelles,SYC,2019,0.0,49.71647
Turkmenistan,TKM,2019,0.26559,96.55735
Turkey,TUR,2019,1.98711,0.60692
Ukraine,UKR,2019,3.45495,4.84215
United States,USA,2019,5.18887,0.54371
Vietnam,VNM,2019,0.36872,6.38516
Samoa,WSM,2019,5.84362,42.92948
South Africa,ZAF,2019,3.47196,1.07923
Afghanistan,AFG,2020,0.0,7.72899
Albania,ALB,2020,1.72419,9.02751
Andorra,AND,2020,43.951,247.49716
United Arab Emirates,ARE,2020,71.97245,4.97146
Argentina,ARG,2020,3.51242,0.28842
Armenia,ARM,2020,5.91228,5.63356
Australia,AUS,2020,25.99468,0.83008
Austria,AUT,2020,17.9773,5.71265
Azerbaijan,AZE,2020,2.36036,18.04238
Belgium,BEL,2020,10.52473,3.29526
Benin,BEN,2020,2.96611,7.01164
Burkina Faso,BFA,2020,2.05281,5.0322
Bulgaria,BGR,2020,7.75568,11.23784
Bahrain,BHR,2020,12.75623,10.91064
Bosnia and Herzegovina,BIH,2020,6.5783,18.33002
Belarus,BLR,2020,5.89248,6.39432
Brazil,BRA,2020,0.24886,0.9943
Brunei,BRN,2020,3.72439,22.8703
Botswana,BWA,2020,2.20043,4.65327
Canada,CAN,2020,18.20879,2.88618
Switzerland,CHE,2020,18.14267,5.83173
Chile,CHL,2020,1.05723,1.50709
China,CHN,2020,0.44807,2.20816
Cote d'Ivoire,CIV,2020,2.43881,7.11633
Cameroon,CMR,2020,3.34398,7.75202
Democratic Republic of Congo,COD,2020,0.43709,2.89425
Colombia,COL,2020,0.21472,2.41587
Cuba,CUB,2020,2.64418,1.05718
Cyprus,CYP,2020,27.19018,48.86651
Czechia,CZE,2020,14.98938,3.83097
Germany,DEU,2020,11.24126,3.76501
Denmark,DNK,2020,10.23236,1.96177
Dominican Republic,DOM,2020,1.88346,0.75531
Algeria,DZA,2020,0.55927,2.07809
Ecuador,ECU,2020,0.60496,2.69423
Egypt,EGY,2020,0.94443,1.48868
Spain,ESP,2020,3.83479,2.20567
Estonia,EST,2020,12.30143,8.35189
Finland,FIN,2020,7.97198,3.71605
France,FRA,2020,9.1854,3.96145
United Kingdom,GBR,2020,20.14796,1.46618
Georgia,GEO,2020,8.72306,6.17054
Ghana,GHA,2020,1.04525,3.49191
Greece,GRC,2020,2.79536,5.04083
Hong Kong,HKG,2020,16.21058,12.12061
Croatia,HRV,2020,2.95,6.20676
Hungary,HUN,2020,13.4762,4.81543
India,IND,2020,0.1356,1.43562
Ireland,IRL,2020,10.19912,6.41288
Iran,IRN,2020,0.76592,2.15797
Iceland,ISL,2020,8.51108,14.29812
Israel,ISR,2020,3.43936,4.78976
Italy,ITA,2020,2.88108,4.16162
Jordan,JOR,2020,12.23379,9.40028
Japan,JPN,2020,5.7313,0.84619
Kazakhstan,KAZ,2020,5.50775,10.80152
Kyrgyzstan,KGZ,2020,15.53957,5.87634
South Korea,KOR,2020,3.72612,3.41028
Laos,LAO,2020,0.57684,10.02068
Lebanon,LBN,2020,9.24808,8.42878
Saint Lucia,LCA,2020,13.93914,34.43268
Liechtenstein,LIE,2020,87.14597,127.3171
Sri Lanka,LKA,2020,0.38669,9.13949
Lithuania,LTU,2020,6.16129,9.76704
Luxembourg,LUX,2020,48.38796,170.78278
Latvia,LVA,2020,12.77957,6.66276
Macao,MAC,2020,55.77312,7.61501
Morocco,MAR,2020,2.06493,5.33591
Monaco,MCO,2020,24.65897,54.20445
Moldova,MDA,2020,6.63264,25.40596
Madagascar,MDG,2020,0.89226,3.16009
Mexico,MEX,2020,0.88129,0.70776
North Macedonia,MKD,2020,5.00882,10.35996
Malta,MLT,2020,14.15486,7.12188
Mauritania,MRT,2020,1.44821,25.03488
Mauritius,MUS,2020,6.71154,18.39059
Malaysia,MYS,2020,7.47778,4.78352
Namibia,NAM,2020,3.24352,6.39282
Netherlands,NLD,2020,13.32123,2.07432
Norway,NOR,2020,4.38269,5.41363
New Zealand,NZL,2020,17.48543,2.01435
Oman,OMN,2020,2.88002,12.99186
World,OWID_WRL,2020,2.7495,2.7495
Panama,PAN,2020,3.08103,2.84426
Poland,POL,2020,4.46692,1.91047
Portugal,PRT,2020,11.57311,4.69871
Palestine,PSE,2020,0.0,13.91927
Qatar,QAT,2020,37.4522,22.01123
Romania,ROU,2020,5.99302,5.80564
Russia,RUS,2020,11.27199,1.42979
Rwanda,RWA,2020,4.20247,6.98985
Saudi Arabia,SAU,2020,4.30581,3.68145
Senegal,SEN,2020,7.04645,7.63675
El Salvador,SLV,2020,0.38339,2.34825
San Marino,SMR,2020,88.4778,119.21884
Serbia,SRB,2020,4.71922,6.3259
Slovakia,SVK,2020,10.29861,22.3736
Slovenia,SVN,2020,7.78595,4.23518
Sweden,SWE,2020,7.04267,3.33338
Seychelles,SYC,2020,0.0,68.68459
Chad,TCD,2020,0.0,29.3683
Thailand,THA,2020,1.23936,1.64462
Turkmenistan,TKM,2020,0.21412,106.49721
Tonga,TON,2020,0.44819,33.15453
Tunisia,TUN,2020,3.09438,9.34798
Turkey,TUR,2020,2.32003,0.64307
Ukraine,UKR,2020,3.99623,4.55811
Uruguay,URY,2020,2.14326,3.62712
United States,USA,2020,5.10463,0.57977
British Virgin Islands,VGB,2020,23.12224,60.21354
Samoa,WSM,2020,2.48674,32.7114
South Africa,ZAF,2020,3.04421,1.12771
Albania,ALB,2021,1.68663,11.46407
Andorra,AND,2021,43.05344,254.21532
Argentina,ARG,2021,3.15658,0.27102
Armenia,ARM,2021,5.90853,5.23212
Australia,AUS,2021,21.88944,0.77958
Austria,AUT,2021,18.72414,5.81355
Azerbaijan,AZE,2021,2.2773,17.72281
Belgium,BEL,2021,9.83073,3.16769
Benin,BEN,2021,3.10889,7.78391
Burkina Faso,BFA,2021,1.90571,4.24492
Bulgaria,BGR,2021,8.00712,11.30111
Bahrain,BHR,2021,11.66094,10.1304
Bosnia and Herzegovina,BIH,2021,6.64822,18.20609
Belarus,BLR,2021,6.46665,7.10255
Brazil,BRA,2021,0.23893,0.93539
Bhutan,BTN,2021,34.23473,38.02256
Botswana,BWA,2021,2.46698,4.68494
Canada,CAN,2021,17.37181,2.69331
Switzerland,CHE,2021,18.43131,5.63755
Chile,CHL,2021,1.31493,1.43606
China,CHN,2021,0.41182,1.93019
Cote d'Ivoire,CIV,2021,1.37549,6.95642
Cameroon,CMR,2021,3.15415,7.61273
Colombia,COL,2021,0.2028,2.3708
Cuba,CUB,2021,2.17809,1.01123
Cyprus,CYP,2021,21.83038,49.9679
Czechia,CZE,2021,15.57127,3.74746
Germany,DEU,2021,11.22932,3.76274
Denmark,DNK,2021,9.99085,1.87915
Dominican Republic,DOM,2021,2.51405,0.74396
Algeria,DZA,2021,0.61951,2.16536
Spain,ESP,2021,3.57628,2.08594
Estonia,EST,2021,11.62462,8.29616
Finland,FIN,2021,8.07741,3.34018
France,FRA,2021,9.00071,3.76061
United Kingdom,GBR,2021,20.0604,1.32179
Georgia,GEO,2021,9.06177,5.6803
Ghana,GHA,2021,0.91278,3.52462
Greece,GRC,2021,2.81952,4.81185
Hong Kong,HKG,2021,16.48258,12.15081
Croatia,HRV,2021,2.66332,6.49555
Hungary,HUN,2021,13.19163,4.78859
India,IND,2021,0.12378,1.32731
Ireland,IRL,2021,9.29442,6.35149
Iceland,ISL,2021,7.89689,12.5576
Israel,ISR,2021,3.35191,4.60418
Italy,ITA,2021,3.44738,4.04632
Jordan,JOR,2021,12.33466,9.35581
Japan,JPN,2021,5.57453,0.75772
Kyrgyzstan,KGZ,2021,23.04546,5.69236
Cambodia,KHM,2021,0.25863,3.7351
South Korea,KOR,2021,4.07548,3.0659
Lebanon,LBN,2021,12.3974,8.86586
Liechtenstein,LIE,2021,85.58187,124.46193
Sri Lanka,LKA,2021,0.35569,8.27285
Lithuania,LTU,2021,7.32909,9.44336
Luxembourg,LUX,2021,49.30202,170.74782
Latvia,LVA,2021,12.7629,6.84698
Macao,MAC,2021,59.25102,6.4247
Morocco,MAR,2021,1.86891,5.56349
Monaco,MCO,2021,27.92023,44.32901
Moldova,MDA,2021,6.46657,24.98087
Mexico,MEX,2021,1.03134,0.66264
North Macedonia,MKD,2021,7.42893,10.65647
Malta,MLT,2021,16.46597,6.34918
Mauritius,MUS,2021,6.71081,15.88249
Malaysia,MYS,2021,8.06567,4.20225
Netherlands,NLD,2021,13.72417,1.85875
Norway,NOR,2021,4.17212,4.77928
New Zealand,NZL,2021,11.97675,1.75623
Oman,OMN,2021,3.0847,14.08156
World,OWID_WRL,2021,2.59802,2.59802
Panama,PAN,2021,2.65166,2.537
Poland,POL,2021,5.48732,2.02794
Portugal,PRT,2021,11.65882,4.66592
Palestine,PSE,2021,0.0,14.55193
Qatar,QAT,2021,37.5662,19.01073
Romania,ROU,2021,6.02598,6.12854
Russia,RUS,2021,8.10771,1.55216
Saudi Arabia,SAU,2021,4.03091,3.1723
Senegal,SEN,2021,6.2826,7.25897
El Salvador,SLV,2021,0.3515,2.49934
San Marino,SMR,2021,85.41872,52.33946
Serbia,SRB,2021,4.51288,6.3592
Suriname,SUR,2021,0.0,22.76007
Slovakia,SVK,2021,10.97225,22.09701
Slovenia,SVN,2021,9.19897,3.69126
Sweden,SWE,2021,6.64057,2.86006
Seychelles,SYC,2021,0.0,54.53021
Turkmenistan,TKM,2021,0.15539,88.14886
Tunisia,TUN,2021,3.08287,9.78813
Turkey,TUR,2021,2.7057,0.63402
Tanzania,TZA,2021,0.44915,3.62314
Ukraine,UKR,2021,4.90321,5.15474
Uruguay,URY,2021,2.33586,2.96718
United States,USA,2021,4.58827,0.56616
Uzbekistan,UZB,2021,0.73478,22.10691
Vietnam,VNM,2021,0.31527,5.23261
Samoa,WSM,2021,4.03546,31.36785
South Africa,ZAF,2021,2.92272,1.09287
Albania,ALB,2022,1.51114,11.96262
Andorra,AND,2022,16.588,112.83862
Argentina,ARG,2022,3.68504,0.31443
Armenia,ARM,2022,7.25559,5.69658
Australia,AUS,2022,23.02597,0.8155
Austria,AUT,2022,19.38592,6.01089
Azerbaijan,AZE,2022,2.39195,18.62885
Belgium,BEL,2022,10.14691,3.19572
Benin,BEN,2022,3.08689,7.93024
Burkina Faso,BFA,2022,1.76232,4.10999
Bangladesh,BGD,2022,0.05983,1.67705
Bulgaria,BGR,2022,8.44212,8.88345
Bahrain,BHR,2022,10.57458,9.05249
Bosnia and Herzegovina,BIH,2022,7.19033,19.18997
Belarus,BLR,2022,7.72339,8.1236
Belize,BLZ,2022,2.00576,9.88999
Brazil,BRA,2022,0.24576,0.89399
Botswana,BWA,2022,2.49541,4.60363
Canada,CAN,2022,18.5703,2.85684
Switzerland,CHE,2022,19.1284,5.71645
Chile,CHL,2022,1.37151,1.59604
China,CHN,2022,0.36911,1.84164
Cote d'Ivoire,CIV,2022,1.41206,6.54299
Cameroon,CMR,2022,2.05345,7.9433
Colombia,COL,2022,0.2209,2.51151
Cyprus,CYP,2022,20.2487,48.27673
Czechia,CZE,2022,15.79189,3.54668
Germany,DEU,2022,11.99834,3.75412
Denmark,DNK,2022,10.13483,1.93683
Dominican Republic,DOM,2022,10.6926,1.00395
Algeria,DZA,2022,0.50246,2.33021
Ecuador,ECU,2022,0.69929,3.29377
Egypt,EGY,2022,1.98768,1.97467
Spain,ESP,2022,3.9706,2.20147
Estonia,EST,2022,11.42165,7.95988
Finland,FIN,2022,8.48342,2.96974
France,FRA,2022,9.13704,3.93684
United Kingdom,GBR,2022,21.57227,1.32769
Georgia,GEO,2022,10.72119,5.42866
Ghana,GHA,2022,0.85291,3.51455
Greece,GRC,2022,3.06876,4.40915
Hong Kong,HKG,2022,19.03713,13.14593
Croatia,HRV,2022,3.56021,6.23679
Hungary,HUN,2022,13.72434,4.72046
India,IND,2022,0.11507,1.53299
Ireland,IRL,2022,10.98527,6.87372
Iceland,ISL,2022,9.60607,12.24472
Israel,ISR,2022,3.19979,4.61188
Italy,ITA,2022,4.19185,4.02983
Jordan,JOR,2022,10.76486,9.13239
Japan,JPN,2022,5.12114,0.80391
Kyrgyzstan,KGZ,2022,28.54833,6.05764
South Korea,KOR,2022,4.36246,3.09755
Lebanon,LBN,2022,14.27649,9.96859
Saint Lucia,LCA,2022,3.70203,33.48496
Lithuania,LTU,2022,8.7735,7.88363
Luxembourg,LUX,2022,50.48475,172.51662
Latvia,LVA,2022,12.67835,6.47672
Macao,MAC,2022,64.15827,5.25393
Morocco,MAR,2022,1.74483,5.4962
Monaco,MCO,2022,82.95351,45.10595
Moldova,MDA,2022,6.95462,23.88666
Madagascar,MDG,2022,0.55187,2.99775
Mexico,MEX,2022,1.17654,0.72976
Marshall Islands,MHL,2022,2.98137,22.63286
North Macedonia,MKD,2022,8.39008,10.13051
Malta,MLT,2022,23.80354,5.96161
Mongolia,MNG,2022,1.03858,10.68992
Mauritius,MUS,2022,7.05212,14.0926
Malaysia,MYS,2022,8.97039,4.282
Namibia,NAM,2022,3.13963,5.2521
Norway,NOR,2022,4.14427,4.75342
New Zealand,NZL,2022,10.38456,1.86984
World,OWID_WRL,2022,2.67923,2.67923
Panama,PAN,2022,2.98572,2.6765
Poland,POL,2022,6.71804,1.82005
Portugal,PRT,2022,11.9641,4.28289
Palestine,PSE,2022,0.0,13.94849
Qatar,QAT,2022,38.51743,14.88241
Romania,ROU,2022,6.27645,5.70327
Russia,RUS,2022,8.48786,1.58567
Rwanda,RWA,2022,4.5346,7.16524
Saudi Arabia,SAU,2022,4.12679,2.8158
Senegal,SEN,2022,6.01582,6.92088
El Salvador,SLV,2022,0.41653,2.55666
San Marino,SMR,2022,85.56594,53.13404
Serbia,SRB,2022,4.61033,5.98462
Slovakia,SVK,2022,11.90564,21.60162
Slovenia,SVN,2022,9.45848,3.72018
Sweden,SWE,2022,7.00408,2.94958
Seychelles,SYC,2022,0.0,54.53055
Turks and Caicos Islands,TCA,2022,41.30926,38.65118
Thailand,THA,2022,1.35277,1.4761
Turkmenistan,TKM,2022,0.07781,68.67582
Tunisia,TUN,2022,2.89277,9.11607
Turkey,TUR,2022,2.94116,0.72704
Tanzania,TZA,2022,0.40721,2.55767
Uruguay,URY,2022,2.26072,3.13213
United States,USA,2022,4.89121,0.64404
Vietnam,VNM,2022,0.26756,4.62503
Samoa,WSM,2022,5.01393,31.22322
South Africa,ZAF,2022,2.50176,1.03503
