Entity,Code,Year,inbound_pct,outbound_pct,gdp_per_capita
Angola,AGO,1998,0.59974,74.10339,6895.026
Albania,ALB,1998,2.18372,13.12183,5126.2725
Argentina,ARG,1998,0.18559,0.37825,23783.102
Brunei,BRN,1998,3.25677,72.54028,97171.64
Canada,CAN,1998,2.3576,2.50937,44553.28
Finland,FIN,1998,1.73207,3.65931,42733.445
United Kingdom,GBR,1998,10.81054,1.39371,40347.18
Hungary,HUN,1998,2.60549,2.31337,20438.383
Ireland,IRL,1998,4.83561,13.59491,45493.168
Iceland,ISL,1998,2.39506,27.96296,46449.344
Japan,JPN,1998,1.40655,1.43284,38217.195
South Korea,KOR,1998,0.09627,2.35265,22000.338
Malaysia,MYS,1998,0.70669,13.43937,16817.172
Norway,NOR,1998,4.54471,6.00188,74558.3
Papua New Guinea,PNG,1998,3.22548,8.09413,3590.1
Poland,POL,1998,0.46973,1.12123,16766.648
El Salvador,SLV,1998,0.47524,1.48011,7381.1147
Turkey,TUR,1998,1.3239,2.12233,14704.339
United States,USA,1998,3.24289,0.3013,51619.87
Samoa,WSM,1998,7.4224,65.58704,4386.519
Albania,ALB,1999,2.12976,12.46688,5790.839
Burundi,BDI,1999,2.9184,22.11634,1064.2876
Belgium,BEL,1999,10.2721,2.78634,48765.766
Bulgaria,BGR,1999,3.11467,5.16149,11373.94
Belarus,BLR,1999,0.70221,1.79529,10519.749
Brunei,BRN,1999,1.83536,60.72874,99083.32
Canada,CAN,1999,2.65973,2.5053,46464.547
Switzerland,CHE,1999,16.15065,5.8896,65177.883
Chile,CHL,1999,0.33551,1.09424,16896.125
Comoros,COM,1999,0.0,646.07086,2943.9202
Cyprus,CYP,1999,17.15551,126.1022,32781.875
Czechia,CZE,1999,1.98206,1.85967,28213.455
Djibouti,DJI,1999,0.0,1362.2858,
Denmark,DNK,1999,6.48787,3.2635,56015.355
Eritrea,ERI,1999,2.30346,14.52178,
Spain,ESP,1999,1.84433,1.46543,38141.316
Estonia,EST,1999,1.62887,6.97971,18737.898
Finland,FIN,1999,1.84374,3.65172,44505.71
France,FRA,1999,6.50792,2.37934,44400.137
Gabon,GAB,1999,5.647,45.09568,22713.715
United Kingdom,GBR,1999,11.17465,1.27951,41396.938
Georgia,GEO,1999,0.26198,3.80597,5495.245
Croatia,HRV,1999,0.47659,7.51285,19495.918
Hungary,HUN,1999,3.17434,2.03975,21128.889
Ireland,IRL,1999,4.75264,12.70172,49719.887
Iceland,ISL,1999,2.44623,27.16852,47679.87
Italy,ITA,1999,1.30734,2.09104,48493.664
Jamaica,JAM,1999,2.85256,19.5696,9650.4375
Japan,JPN,1999,1.43505,1.47421,38020.094
Kazakhstan,KAZ,1999,2.33031,6.33587,11815.773
South Korea,KOR,1999,0.1011,2.35226,24382.25
Laos,LAO,1999,0.65419,13.24942,2786.5205
Lebanon,LBN,1999,13.79908,7.6985,11617.25
Lesotho,LSO,1999,24.34503,31.38903,1860.7006
Lithuania,LTU,1999,0.44406,3.31319,15143.193
Luxembourg,LUX,1999,26.09044,287.63504,108180.41
Latvia,LVA,1999,2.25129,3.2398,13619.099
Morocco,MAR,1999,1.53377,13.16334,5043.665
Moldova,MDA,1999,1.63689,9.0005,5597.4653
Madagascar,MDG,1999,3.47403,8.65584,1681.3594
Mexico,MEX,1999,0.12476,0.83025,19793.285
North Macedonia,MKD,1999,0.79394,5.95601,10960.327
Mali,MLI,1999,6.54271,16.67024,2269.0874
Malta,MLT,1999,4.36732,8.40202,24858.977
Mongolia,MNG,1999,0.44736,3.06563,5829.1665
Mauritania,MRT,1999,5.05585,24.62277,5359.989
Malaysia,MYS,1999,0.74109,11.57583,17428.625
Netherlands,NLD,1999,2.89837,2.46592,54134.363
Norway,NOR,1999,4.80259,6.57343,75583.836
Philippines,PHL,1999,0.1591,0.2301,4650.7593
Poland,POL,1999,0.40691,0.96155,17556.002
Palestine,PSE,1999,4.17911,17.11023,5071.8213
Romania,ROU,1999,3.25689,2.72515,13775.929
Rwanda,RWA,1999,1.14477,54.35012,945.7332
Saudi Arabia,SAU,1999,1.63813,2.82191,55878.17
Senegal,SEN,1999,4.41934,19.45535,3050.178
Slovenia,SVN,1999,0.82653,1.9589,29125.89
Sweden,SWE,1999,7.28447,4.03851,46221.81
Eswatini,SWZ,1999,2.54098,22.9918,6062.348
Thailand,THA,1999,0.10374,1.21835,11253.388
Tajikistan,TJK,1999,5.20199,1.49151,1275.8225
Trinidad and Tobago,TTO,1999,13.25938,48.49445,18440.574
Tunisia,TUN,1999,1.75284,6.98105,8821.988
Turkey,TUR,1999,1.25189,2.05804,14066.189
Ukraine,UKR,1999,1.05423,0.94853,9704.445
United States,USA,1999,3.28218,0.31461,53474.047
British Virgin Islands,VGB,1999,0.0,15.65421,
Vietnam,VNM,1999,0.06283,0.99806,4119.0537
Samoa,WSM,1999,5.29129,52.43185,4448.32
Albania,ALB,2000,1.68972,14.68518,6262.79
Argentina,ARG,2000,0.18422,0.39275,22281.38
Burundi,BDI,2000,2.91911,18.26706,1033.4719
Belgium,BEL,2000,10.90632,2.88395,50455.734
Bulgaria,BGR,2000,3.10614,5.58187,11954.587
Belarus,BLR,2000,0.65168,1.76556,11182.455
Brunei,BRN,2000,1.95783,55.21013,100323.44
Canada,CAN,2000,3.00703,2.56662,48399.305
Switzerland,CHE,2000,16.57519,4.65443,67378.39
Chile,CHL,2000,0.76895,1.16928,17525.271
Cuba,CUB,2000,3.88785,1.12139,
Cyprus,CYP,2000,19.44498,160.74847,34369.88
Czechia,CZE,2000,2.15534,1.78924,29427.406
Djibouti,DJI,2000,0.0,1286.0464,
Denmark,DNK,2000,6.80422,3.38601,57907.504
Eritrea,ERI,2000,1.28174,16.56676,
Spain,ESP,2000,2.22467,1.49614,39945.9
Estonia,EST,2000,1.60968,6.63931,20528.57
Finland,FIN,2000,2.06155,3.65986,46968.84
France,FRA,2000,6.80206,2.48003,45922.48
United Kingdom,GBR,2000,11.01387,1.05064,43115.562
Georgia,GEO,2000,0.14813,3.73808,5706.2725
Hungary,HUN,2000,3.22531,1.93115,22117.92
India,IND,2000,0.07431,0.71128,3099.503
Ireland,IRL,2000,4.6155,10.95215,53675.004
Iraq,IRQ,2000,2.86833,1.71502,12702.164
Iceland,ISL,2000,4.16882,24.37231,49338.473
Italy,ITA,2000,1.40842,2.21647,50353.42
Jamaica,JAM,2000,2.2142,14.05999,9667.925
Jordan,JOR,2000,8.54842,8.32967,8086.922
Kazakhstan,KAZ,2000,1.97337,4.89108,12935.864
South Korea,KOR,2000,0.1123,2.31302,26404.158
Laos,LAO,2000,0.53007,8.89462,2899.0195
Lebanon,LBN,2000,12.0744,7.78991,11571.732
Lithuania,LTU,2000,0.44215,3.28777,15771.427
Latvia,LVA,2000,6.56641,3.02462,14554.213
Morocco,MAR,2000,1.52283,13.55447,5100.1157
Moldova,MDA,2000,1.88659,9.16221,5727.079
North Macedonia,MKD,2000,0.65002,11.75228,11406.856
Mali,MLI,2000,6.54144,16.29944,2187.719
Malta,MLT,2000,5.55819,9.59394,29560.18
Mongolia,MNG,2000,0.31206,2.98495,5818.243
Malaysia,MYS,2000,3.43988,8.34873,18532.91
Netherlands,NLD,2000,2.87338,2.31034,56016.87
Norway,NOR,2000,4.55581,6.93562,77587.21
Poland,POL,2000,0.38726,0.90782,18566.355
Palestine,PSE,2000,1.09118,16.13119,4520.89
Romania,ROU,2000,2.7818,2.90304,14133.272
Russia,RUS,2000,0.65089,0.50006,20104.75
Saudi Arabia,SAU,2000,1.8711,2.68288,55962.266
El Salvador,SLV,2000,0.49008,1.84497,7545.4478
Slovakia,SVK,2000,1.15514,4.25348,18343.236
Slovenia,SVN,2000,0.92822,6.5781,30055.572
Sweden,SWE,2000,7.36513,3.53707,48284.8
Eswatini,SWZ,2000,2.30055,29.08119,6106.0747
Tajikistan,TJK,2000,4.6053,1.42937,1365.2333
Trinidad and Tobago,TTO,2000,16.31123,52.74423,19637.555
Tunisia,TUN,2000,1.53074,6.4587,9134.415
British Virgin Islands,VGB,2000,0.0,15.93333,
Vietnam,VNM,2000,0.08495,1.27134,4349.2236
Samoa,WSM,2000,11.16751,83.10974,4638.594
Albania,ALB,2001,1.58105,18.03464,6882.1924
Belgium,BEL,2001,10.6189,3.00828,50835.4
Bulgaria,BGR,2001,3.29142,6.41244,12661.241
Belarus,BLR,2001,0.40959,1.58673,11771.087
Barbados,BRB,2001,7.38188,17.9677,21234.709
Brunei,BRN,2001,4.21969,45.78489,99680.766
Switzerland,CHE,2001,16.99485,5.02589,68008.34
Cuba,CUB,2001,5.46846,0.80266,
Cayman Islands,CYM,2001,28.14961,13.53346,
Cyprus,CYP,2001,20.71393,140.37364,35345.34
Czechia,CZE,2001,2.98026,1.91619,30399.873
Djibouti,DJI,2001,0.0,521.48376,
Denmark,DNK,2001,6.53415,3.22425,58248.555
Spain,ESP,2001,2.17853,1.49736,41224.293
Estonia,EST,2001,1.04711,6.98375,21874.695
Finland,FIN,2001,2.2487,3.50841,48099.3
France,FRA,2001,7.25495,2.59477,46454.87
Gabon,GAB,2001,4.53142,41.1259,21604.781
United Kingdom,GBR,2001,10.91843,1.20654,43976.84
Georgia,GEO,2001,0.29866,3.61162,6074.0864
Croatia,HRV,2001,2.61117,7.64696,21719.521
Hungary,HUN,2001,3.40101,1.89375,23069.21
India,IND,2001,0.07922,0.85677,3188.8103
Ireland,IRL,2001,4.92617,9.32201,55630.1
Iceland,ISL,2001,4.13394,25.61511,50556.992
Italy,ITA,2001,1.61274,2.20458,51332.29
Kyrgyzstan,KGZ,2001,4.18198,1.76705,3795.8906
Cambodia,KHM,2001,0.14164,6.99616,2032.0809
South Korea,KOR,2001,0.12301,2.43855,27440.656
Laos,LAO,2001,0.74052,6.80875,3015.6326
Lebanon,LBN,2001,11.02091,7.66186,11817.931
Lithuania,LTU,2001,0.46203,3.60244,16933.023
Latvia,LVA,2001,7.70264,3.02903,15695.906
Macao,MAC,2001,54.12975,5.97671,57173.86
Morocco,MAR,2001,1.44597,13.80222,5417.5786
Moldova,MDA,2001,2.50717,8.07302,6090.0347
Mexico,MEX,2001,0.09488,0.91954,20078.219
North Macedonia,MKD,2001,0.42489,11.02864,11010.618
Malta,MLT,2001,4.58098,8.2217,29116.826
Mongolia,MNG,2001,0.28245,3.02661,5917.071
Malaysia,MYS,2001,2.95808,8.2784,18186.441
Netherlands,NLD,2001,3.29119,2.19372,56887.434
Norway,NOR,2001,4.64815,7.65697,78791.305
Philippines,PHL,2001,0.09552,0.24237,4778.401
Palau,PLW,2001,2.29167,71.5253,16433.64
Poland,POL,2001,0.37516,0.87785,18800.602
Palestine,PSE,2001,0.46931,14.7775,3996.5088
Qatar,QAT,2001,20.70953,16.36832,92115.734
Romania,ROU,2001,2.18868,2.91693,15079.731
Russia,RUS,2001,0.89434,0.45727,21219.904
Rwanda,RWA,2001,0.71864,27.37549,1093.1841
El Salvador,SLV,2001,0.49024,2.21739,7580.323
Slovakia,SVK,2001,1.17435,6.13219,18914.39
Slovenia,SVN,2001,0.94432,4.08729,30857.111
Sweden,SWE,2001,7.34708,3.92186,48810.645
Thailand,THA,2001,0.11967,1.10375,11901.318
Tajikistan,TJK,2001,2.48087,1.58467,1467.3988
Trinidad and Tobago,TTO,2001,14.05851,48.71306,20366.754
Tunisia,TUN,2001,1.22235,6.02939,9380.563
Turkey,TUR,2001,1.03622,1.9973,13872.129
Ukraine,UKR,2001,0.66026,1.18259,11379.386
British Virgin Islands,VGB,2001,0.0,22.22222,
Vietnam,VNM,2001,0.08822,1.431,4570.2686
Andorra,AND,2002,10.11236,271.25467,61188.637
Armenia,ARM,2002,2.31654,2.46458,5731.3535
Burundi,BDI,2002,4.82647,11.56675,1044.4802
Belgium,BEL,2002,10.99618,3.00137,51471.85
Bangladesh,BGD,2002,0.04139,1.44852,2866.4346
Bulgaria,BGR,2002,3.50184,7.53659,13698.857
Belarus,BLR,2002,0.56651,1.83207,12443.933
Brazil,BRA,2002,0.03517,0.6064,14265.905
Canada,CAN,2002,3.95049,3.0127,49695.008
Switzerland,CHE,2002,17.22727,5.29422,67446.41
Chile,CHL,2002,0.93614,1.27633,18240.201
Cuba,CUB,2002,6.11569,0.78633,
Cyprus,CYP,2002,21.95735,101.83123,36243.496
Czechia,CZE,2002,3.4283,1.90402,30919.549
Djibouti,DJI,2002,0.0,383.0537,
Denmark,DNK,2002,7.38007,3.26997,58327.83
Spain,ESP,2002,2.44767,1.47787,41766.04
Estonia,EST,2002,0.74858,5.7481,23539.906
Finland,FIN,2002,2.38192,3.53574,48792.49
France,FRA,2002,8.1529,2.72479,46610.78
United Kingdom,GBR,2002,10.14304,1.2892,44539.465
Georgia,GEO,2002,0.29502,3.41314,6464.325
Greece,GRC,2002,1.62783,9.36036,34081.027
Croatia,HRV,2002,0.62468,7.16998,22966.451
Hungary,HUN,2002,3.32462,1.83756,24229.295
India,IND,2002,0.07701,0.98305,3250.6956
Ireland,IRL,2002,5.2219,8.62531,57927.49
Iceland,ISL,2002,4.07459,25.2004,50379.46
Italy,ITA,2002,1.53419,2.13219,51369.113
Kyrgyzstan,KGZ,2002,5.69715,1.71409,3760.5325
Cambodia,KHM,2002,0.12184,5.96495,2126.3416
South Korea,KOR,2002,0.15439,2.58961,29395.277
Laos,LAO,2002,0.56043,5.08117,3143.2234
Lebanon,LBN,2002,10.62322,8.23428,12053.834
Lithuania,LTU,2002,0.45971,3.54408,18216.545
Latvia,LVA,2002,2.95113,2.73899,17096.559
Macao,MAC,2002,64.12079,4.50757,61625.957
Moldova,MDA,2002,2.70024,7.84926,6580.2783
Madagascar,MDG,2002,3.75568,10.72424,1486.4343
Mexico,MEX,2002,0.08812,1.00091,19744.793
North Macedonia,MKD,2002,0.30195,9.83671,11256.536
Malta,MLT,2002,4.8216,8.83829,29692.77
Mauritania,MRT,2002,3.79298,31.07511,4806.8984
Malaysia,MYS,2002,4.38567,7.49081,18708.87
Namibia,NAM,2002,8.44062,57.6361,8017.2812
Netherlands,NLD,2002,3.65231,2.16155,56664.414
Norway,NOR,2002,4.82331,7.92569,79447.09
Philippines,PHL,2002,0.10574,0.25839,4856.4995
Poland,POL,2002,0.38714,0.87782,19166.914
Qatar,QAT,2002,21.00626,16.47945,94111.59
Romania,ROU,2002,1.82199,2.92356,16234.217
Russia,RUS,2002,0.88805,0.44723,22319.678
El Salvador,SLV,2002,0.44193,2.21214,7675.671
Slovakia,SVK,2002,1.07963,7.16377,19757.068
Slovenia,SVN,2002,0.95853,1.93093,31830.555
Sweden,SWE,2002,7.48699,4.00516,49760.215
Eswatini,SWZ,2002,2.4456,40.35434,6335.8135
Thailand,THA,2002,0.18985,1.18634,12512.184
Tajikistan,TJK,2002,3.58729,2.0371,1594.939
Trinidad and Tobago,TTO,2002,10.1778,35.57492,21876.854
Tunisia,TUN,2002,1.09737,6.01877,9407.557
Turkey,TUR,2002,0.9731,2.01107,14587.895
Ukraine,UKR,2002,0.80621,1.05383,12092.789
Venezuela,VEN,2002,0.02253,1.36684,
British Virgin Islands,VGB,2002,0.0,43.60158,
Vietnam,VNM,2002,0.11929,1.59819,4809.6216
Aruba,ABW,2003,5.44258,8.85167,38086.01
Anguilla,AIA,2003,33.33333,532.7381,
Albania,ALB,2003,1.05046,25.87283,7636.057
Andorra,AND,2003,10.13072,295.95587,63656.195
Armenia,ARM,2003,2.06119,3.09907,6569.2603
Belgium,BEL,2003,11.17555,3.19556,51788.844
Bangladesh,BGD,2003,0.04388,1.83743,2958.915
Bulgaria,BGR,2003,3.48137,7.96728,14530.935
Bahrain,BHR,2003,6.97626,13.60321,54431.875
Belarus,BLR,2003,0.2069,1.50856,13413.927
Brazil,BRA,2003,0.03119,0.56854,14259.366
Switzerland,CHE,2003,17.663,5.14824,66926.17
Chile,CHL,2003,0.91886,1.35513,18902.871
Congo,COG,2003,0.41306,85.4253,7577.4565
Cuba,CUB,2003,7.29458,0.79259,
Cyprus,CYP,2003,28.90762,93.55141,36744.973
Czechia,CZE,2003,3.60208,2.04036,31949.297
Denmark,DNK,2003,8.98159,3.24436,58425.965
Egypt,EGY,2003,1.29477,0.45555,10250.377
Spain,ESP,2003,2.9142,1.50745,42223.13
Estonia,EST,2003,1.71316,6.21162,25487.533
Finland,FIN,2003,2.52379,3.52296,49655.547
France,FRA,2003,10.45547,2.68368,46730.977
Gabon,GAB,2003,3.69194,46.89838,20875.455
United Kingdom,GBR,2003,11.1561,1.29797,45759.402
Georgia,GEO,2003,0.2779,3.44345,7227.737
Greece,GRC,2003,2.21847,8.03664,35970.703
Hong Kong,HKG,2003,1.81938,23.52317,41570.58
Honduras,HND,2003,0.6832,2.50735,4714.867
Croatia,HRV,2003,2.3299,6.98893,24238.408
Hungary,HUN,2003,3.13123,1.67775,25255.871
India,IND,2003,0.06851,1.06283,3445.926
Ireland,IRL,2003,5.61862,8.70673,58709.156
Iran,IRN,2003,0.08458,1.12382,13519.45
Iceland,ISL,2003,4.34555,23.25456,51173.2
Italy,ITA,2003,1.88867,2.12748,51126.258
Jordan,JOR,2003,8.49459,6.65187,8800.497
Kyrgyzstan,KGZ,2003,6.68231,1.43512,3982.9272
South Korea,KOR,2003,0.24331,2.7136,30142.46
Laos,LAO,2003,0.33787,5.31277,3282.9854
Lebanon,LBN,2003,8.47622,8.92769,12272.344
Lesotho,LSO,2003,1.89915,77.12017,2127.373
Lithuania,LTU,2003,0.41108,3.57551,20302.984
Latvia,LVA,2003,2.00935,2.88947,18717.668
Macao,MAC,2003,66.7669,3.65218,67994.78
Morocco,MAR,2003,1.52202,15.38822,5810.053
Moldova,MDA,2003,2.11751,7.63415,7034.358
Maldives,MDV,2003,0.0,1673.4834,15316.119
North Macedonia,MKD,2003,0.24768,11.04222,11492.115
Malta,MLT,2003,4.57188,6.73964,30587.568
Mongolia,MNG,2003,0.19382,3.40599,6463.7896
Mauritania,MRT,2003,2.0132,30.49203,5023.6523
Malaysia,MYS,2003,4.18907,6.90882,19329.006
Namibia,NAM,2003,8.70377,63.69674,8237.366
Netherlands,NLD,2003,3.89755,2.20517,56452.867
Norway,NOR,2003,5.20728,7.2205,79728.78
Pakistan,PAK,2003,0.09699,5.57722,3668.7793
Philippines,PHL,2003,0.19545,0.28438,5003.3833
Poland,POL,2003,0.38359,0.94626,19855.63
Qatar,QAT,2003,20.86634,16.57262,93224.36
Romania,ROU,2003,1.51108,2.84117,16734.549
Russia,RUS,2003,0.79842,0.42387,24057.928
Saudi Arabia,SAU,2003,4.07257,2.28821,52234.65
El Salvador,SLV,2003,0.45056,2.40745,7780.272
Slovakia,SVK,2003,1.04435,8.75814,20730.25
Slovenia,SVN,2003,0.94916,2.06132,32827.75
Sweden,SWE,2003,7.83033,3.54872,50507.934
Tajikistan,TJK,2003,1.80111,2.00516,1736.6404
Tunisia,TUN,2003,0.83175,5.59559,9752.024
Turkey,TUR,2003,0.66349,1.75217,15255.718
Tanzania,TZA,2003,1.2754,15.0103,2059.8374
Ukraine,UKR,2003,0.7913,0.97925,13342.88
Vietnam,VNM,2003,0.12635,1.83642,5090.29
Anguilla,AIA,2004,0.0,446.93878,
Albania,ALB,2004,0.91108,25.39579,8071.8564
Armenia,ARM,2004,3.08966,2.68913,7299.4
Belgium,BEL,2004,6.78615,2.64498,53406.69
Bangladesh,BGD,2004,0.08182,1.82949,3071.838
Bulgaria,BGR,2004,3.62677,8.18716,15594.222
Belarus,BLR,2004,0.47856,1.97724,15052.118
Brazil,BRA,2004,0.02613,0.52118,14911.261
Brunei,BRN,2004,4.02685,40.03675,101497.76
Switzerland,CHE,2004,18.22176,5.10619,68263.44
Cameroon,CMR,2004,1.82234,19.97958,4222.9663
Costa Rica,CRI,2004,1.43428,2.05877,15323.289
Cuba,CUB,2004,3.45635,0.33403,
Cyprus,CYP,2004,32.03511,91.63098,38079.086
Czechia,CZE,2004,4.68014,1.75723,33452.34
Denmark,DNK,2004,4.55119,2.40596,59893.094
Algeria,DZA,2004,0.6528,3.43026,13226.765
Egypt,EGY,2004,1.28559,0.42214,10451.821
Spain,ESP,2004,0.81798,1.34859,42793.39
Estonia,EST,2004,1.26411,4.96037,27384.084
Finland,FIN,2004,2.63932,1.93179,51494.707
Fiji,FJI,2004,32.94219,12.73681,9766.527
France,FRA,2004,10.99787,2.13186,47720.44
United Kingdom,GBR,2004,13.35101,1.03887,46558.13
Georgia,GEO,2004,0.28505,3.63265,7693.915
Guinea,GIN,2004,2.15472,22.67138,2477.503
Greece,GRC,2004,2.4055,7.05949,37811.492
Guyana,GUY,2004,0.0,15.94599,8404.2
Hong Kong,HKG,2004,2.21359,22.90352,44836.207
Hungary,HUN,2004,3.05867,1.42466,26568.12
India,IND,2004,0.06403,1.14284,3656.1262
Ireland,IRL,2004,6.74296,9.24424,61558.58
Iran,IRN,2004,0.09162,1.06623,13807.195
Iraq,IRQ,2004,0.86221,1.0136,10210.563
Iceland,ISL,2004,3.32427,14.7577,54592.53
Italy,ITA,2004,2.04586,1.61777,51495.004
Jordan,JOR,2004,10.85537,5.74987,9326.668
Kyrgyzstan,KGZ,2004,7.91769,1.57476,4211.5225
Cambodia,KHM,2004,0.08816,5.21789,2491.3093
South Korea,KOR,2004,0.33421,2.77147,31579.527
Laos,LAO,2004,0.63685,5.58649,3441.17
Lebanon,LBN,2004,9.00831,8.55672,12882.076
Saint Lucia,LCA,2004,0.0,47.97593,19715.83
Liechtenstein,LIE,2004,77.44361,128.00752,
Lithuania,LTU,2004,0.40404,3.07156,21867.287
Latvia,LVA,2004,1.0168,2.48645,20574.12
Macao,MAC,2004,58.94419,3.46968,84004.45
Morocco,MAR,2004,1.85662,12.76124,5996.39
Moldova,MDA,2004,2.08533,7.70964,7573.6177
Madagascar,MDG,2004,2.89253,9.63709,1620.1195
North Macedonia,MKD,2004,0.3152,12.39122,12068.28
Malta,MLT,2004,5.61841,8.79987,30506.588
Mongolia,MNG,2004,0.38441,3.385,7070.667
Mauritius,MUS,2004,0.42548,46.89975,15209.017
Malaysia,MYS,2004,3.20637,6.67265,20168.506
Niger,NER,2004,1.55003,39.67388,1192.0824
Netherlands,NLD,2004,4.81306,1.40083,57391.363
Norway,NOR,2004,5.79485,6.20708,82440.95
Philippines,PHL,2004,0.14436,0.2986,5229.4507
Poland,POL,2004,0.3971,0.88189,20878.654
Palestine,PSE,2004,0.0,10.38212,4503.0806
Qatar,QAT,2004,12.59826,14.60311,107023.58
Romania,ROU,2004,1.5292,2.67801,18585.242
Russia,RUS,2004,0.88062,0.41736,25894.146
Saudi Arabia,SAU,2004,2.12599,2.09076,54196.55
El Salvador,SLV,2004,0.45068,2.27969,7841.532
Slovakia,SVK,2004,0.94008,8.86781,21851.955
Slovenia,SVN,2004,0.85061,2.11023,34298.13
Sweden,SWE,2004,4.01585,3.00725,52412.41
Thailand,THA,2004,0.18521,1.11901,13997.001
Tajikistan,TJK,2004,1.60654,1.82222,1878.287
Trinidad and Tobago,TTO,2004,5.78473,33.55237,26757.908
Tunisia,TUN,2004,0.77337,5.09315,10263.806
Turkey,TUR,2004,0.7755,1.68866,16583.883
Tanzania,TZA,2004,0.64031,10.90554,2155.2415
Ukraine,UKR,2004,0.63373,0.92444,15021.066
Venezuela,VEN,2004,0.23548,1.22149,
British Virgin Islands,VGB,2004,0.0,19.54225,
Aruba,ABW,2005,1.89934,7.46718,38828.215
Armenia,ARM,2005,3.6155,2.99044,8362.9
Belgium,BEL,2005,5.40474,2.59569,54346.895
Burkina Faso,BFA,2005,3.14938,11.10717,1664.9955
Bangladesh,BGD,2005,0.08205,1.62759,3231.6138
Bulgaria,BGR,2005,3.59381,7.94425,16820.785
Bahrain,BHR,2005,4.23014,17.72616,53478.266
Belarus,BLR,2005,0.6806,1.98494,16579.873
Brunei,BRN,2005,3.26498,49.527,99795.69
Botswana,BWA,2005,3.3274,47.93503,14361.958
Switzerland,CHE,2005,18.424,4.89493,69692.59
Chile,CHL,2005,0.29622,1.38173,20918.527
Cameroon,CMR,2005,1.59717,17.82097,4199.7227
Cuba,CUB,2005,3.05473,0.30153,
Cyprus,CYP,2005,24.37992,106.79635,39356.164
Czechia,CZE,2005,5.50747,1.72996,35535.746
Djibouti,DJI,2005,0.0,197.02982,
Denmark,DNK,2005,4.41368,2.28188,61137.68
Algeria,DZA,2005,0.67452,3.12098,13738.496
Egypt,EGY,2005,1.30626,0.41531,10700.609
Spain,ESP,2005,0.97687,1.36556,43570.766
Estonia,EST,2005,1.56582,4.87207,30164.006
Finland,FIN,2005,2.75886,1.866,52744.047
France,FRA,2005,10.81283,2.22969,48257.465
United Kingdom,GBR,2005,13.91883,0.98835,47529.938
Georgia,GEO,2005,0.12223,3.42052,8485.587
Greece,GRC,2005,2.42659,5.80102,38146.965
Guyana,GUY,2005,0.59082,15.77364,8256.525
Hong Kong,HKG,2005,2.50634,22.31191,47938.9
Croatia,HRV,2005,2.56873,6.44428,26300.592
Hungary,HUN,2005,3.11941,1.44491,27765.79
Indonesia,IDN,2005,0.05532,0.87012,7140.8545
India,IND,2005,0.09602,1.25245,3881.966
Ireland,IRL,2005,6.90766,10.24462,63689.086
Iran,IRN,2005,0.09086,1.09476,13935.774
Italy,ITA,2005,2.22933,1.58547,51585.645
Jordan,JOR,2005,9.86168,5.74186,9839.688
Kyrgyzstan,KGZ,2005,10.68901,1.39873,4156.9585
South Korea,KOR,2005,0.48274,2.9291,32886.047
Laos,LAO,2005,0.3669,4.75893,3630.5588
Lebanon,LBN,2005,8.49152,7.82626,13024.665
Lithuania,LTU,2005,0.43858,3.026,23944.701
Latvia,LVA,2005,1.28303,2.48104,23213.354
Macao,MAC,2005,54.27412,4.2152,87185.52
Morocco,MAR,2005,1.34891,11.14901,6103.4224
Moldova,MDA,2005,1.73686,7.59541,8161.4736
Madagascar,MDG,2005,2.7276,9.44447,1648.1763
North Macedonia,MKD,2005,0.55101,13.0868,12706.815
Malta,MLT,2005,6.40822,8.24217,31186.127
Mongolia,MNG,2005,0.61539,3.30489,7499.848
Namibia,NAM,2005,6.31726,51.83714,9245.137
Netherlands,NLD,2005,4.67041,1.65246,58422.01
Norway,NOR,2005,6.26344,5.75311,84080.0
Philippines,PHL,2005,0.20128,0.30987,5386.8164
Poland,POL,2005,0.48086,0.9421,21568.947
Qatar,QAT,2005,24.51799,18.99791,107784.414
Romania,ROU,2005,1.46344,2.48854,19573.328
Russia,RUS,2005,1.00464,0.40889,27656.658
Saudi Arabia,SAU,2005,2.15297,2.10805,54931.793
El Salvador,SLV,2005,0.43616,2.30668,8050.5347
Slovakia,SVK,2005,0.88579,9.68815,23266.758
Slovenia,SVN,2005,0.96946,2.08542,35558.38
Sweden,SWE,2005,4.67891,3.08689,53661.316
Thailand,THA,2005,0.18371,1.05512,14458.255
Tajikistan,TJK,2005,0.67236,2.07133,1965.3002
Turkey,TUR,2005,0.86244,1.67843,17902.596
Ukraine,UKR,2005,0.8929,0.91069,15610.573
United States,USA,2005,3.4949,0.3437,59604.754
Vietnam,VNM,2005,0.15156,1.49276,5776.3633
Aruba,ABW,2006,8.07068,8.955,38566.8
Anguilla,AIA,2006,0.0,53.00912,
Armenia,ARM,2006,3.64395,3.01375,9525.231
Azerbaijan,AZE,2006,1.99291,2.67523,13371.658
Belgium,BEL,2006,6.30129,2.58831,55367.62
Bangladesh,BGD,2006,0.08913,1.40611,3407.4272
Bulgaria,BGR,2006,3.84492,8.01459,18102.0
Bahrain,BHR,2006,3.65158,18.67268,52691.934
Belarus,BLR,2006,0.65108,2.14529,18349.871
Brunei,BRN,2006,2.94464,42.61631,102248.51
Central African Republic,CAF,2006,10.86957,43.92831,1251.8708
Switzerland,CHE,2006,17.89277,5.05297,72077.86
China,CHN,2006,0.15576,1.60339,7057.1
Cameroon,CMR,2006,1.33502,15.58907,4241.5176
Cuba,CUB,2006,2.20472,0.22445,
Cayman Islands,CYM,2006,35.27337,63.49206,92213.08
Cyprus,CYP,2006,25.78812,93.72662,40529.47
Czechia,CZE,2006,6.32971,1.86648,37786.88
Djibouti,DJI,2006,0.0,191.359,
Denmark,DNK,2006,5.32214,2.24224,63262.742
Algeria,DZA,2006,0.71678,3.05901,13920.694
Egypt,EGY,2006,1.39679,0.42381,11211.832
Spain,ESP,2006,1.01752,1.37791,44572.68
Estonia,EST,2006,1.55376,4.75456,33304.594
Finland,FIN,2006,3.72662,1.95314,54653.98
France,FRA,2006,11.24432,2.43034,49223.246
United Kingdom,GBR,2006,14.12938,0.97809,48215.047
Georgia,GEO,2006,0.09932,4.32554,9337.989
Guinea,GIN,2006,2.10484,11.82187,2478.6133
Greece,GRC,2006,2.53567,5.21276,40483.156
Hong Kong,HKG,2006,3.15792,20.28367,50981.793
Croatia,HRV,2006,2.49843,6.39296,27627.291
Hungary,HUN,2006,3.30315,1.46373,28903.047
Indonesia,IDN,2006,0.12933,0.84805,7434.488
India,IND,2006,0.09628,1.14928,4129.7783
Ireland,IRL,2006,6.84784,10.62247,65087.18
Iran,IRN,2006,0.0968,1.04312,14320.657
Iceland,ISL,2006,4.54806,15.42523,59364.29
Italy,ITA,2006,2.41939,1.5503,52304.242
Jordan,JOR,2006,9.77224,5.9564,9977.759
Kazakhstan,KAZ,2006,1.24099,3.09665,22574.344
Kyrgyzstan,KGZ,2006,11.70036,1.5617,4240.1704
Cambodia,KHM,2006,0.0718,2.66187,3041.1047
South Korea,KOR,2006,0.69475,3.10856,34429.62
Laos,LAO,2006,0.30679,5.12598,3881.5374
Lebanon,LBN,2006,9.93456,7.90934,13003.681
Saint Lucia,LCA,2006,5.71253,66.47471,20551.06
Liechtenstein,LIE,2006,90.09434,135.22012,
Lesotho,LSO,2006,0.62353,46.88962,2381.0203
Lithuania,LTU,2006,0.61498,2.99924,26129.34
Luxembourg,LUX,2006,42.23626,291.4283,130284.97
Macao,MAC,2006,51.89558,4.42403,93828.32
Morocco,MAR,2006,1.56729,10.92028,6488.674
Moldova,MDA,2006,1.34052,6.65017,8577.028
Madagascar,MDG,2006,2.37923,8.76377,1686.8634
North Macedonia,MKD,2006,0.38662,14.27448,13433.544
Malta,MLT,2006,7.16207,10.5974,31798.629
Mongolia,MNG,2006,0.77526,3.33519,8043.9966
Mauritius,MUS,2006,0.25201,38.8507,16061.603
Malaysia,MYS,2006,3.31006,6.67318,21444.486
Namibia,NAM,2006,1.43345,61.45926,9773.298
Netherlands,NLD,2006,4.66459,1.73269,60391.543
Norway,NOR,2006,6.65872,5.56462,85458.55
Oman,OMN,2006,0.37529,18.83341,42540.44
Philippines,PHL,2006,0.20676,0.31327,5578.5723
Poland,POL,2006,0.52967,1.06919,22921.197
Romania,ROU,2006,1.02842,2.46232,21270.467
Russia,RUS,2006,0.84472,0.42865,30022.672
Saudi Arabia,SAU,2006,2.15054,2.20631,54373.74
El Salvador,SLV,2006,0.49697,2.35847,8404.247
Slovakia,SVK,2006,0.81488,11.01131,25342.31
Slovenia,SVN,2006,0.94866,2.03264,37539.46
Sweden,SWE,2006,5.04361,3.1693,55855.496
Eswatini,SWZ,2006,2.14336,55.98629,7584.72
Thailand,THA,2006,0.23951,1.08455,15051.061
Tajikistan,TJK,2006,0.64491,1.80915,2063.2886
Turkey,TUR,2006,0.81433,1.52305,18972.01
Ukraine,UKR,2006,0.97152,0.8911,16901.508
Uzbekistan,UZB,2006,0.0527,10.43753,4413.7227
Anguilla,AIA,2007,0.0,126.74603,
Armenia,ARM,2007,3.49457,2.93556,10898.849
Austria,AUT,2007,13.55255,4.32758,60470.91
Azerbaijan,AZE,2007,2.35576,2.83022,16587.365
Belgium,BEL,2007,6.40153,2.64235,56983.46
Bangladesh,BGD,2007,0.05841,1.39657,3608.9155
Bulgaria,BGR,2007,3.5177,7.41864,19449.059
Belarus,BLR,2007,0.79475,2.52808,20019.611
Barbados,BRB,2007,7.80359,13.20492,24145.754
Brunei,BRN,2007,3.29296,48.48616,96752.62
Bhutan,BTN,2007,0.0,32.67076,8195.07
Canada,CAN,2007,6.52809,3.19465,53761.863
Switzerland,CHE,2007,17.97975,5.07598,74234.305
Chile,CHL,2007,1.05469,1.08875,22878.883
China,CHN,2007,0.16625,1.6248,8013.716
Cameroon,CMR,2007,1.0724,14.82883,4302.619
Cuba,CUB,2007,3.10911,0.18419,
Cayman Islands,CYM,2007,33.54633,59.10543,92343.73
Cyprus,CYP,2007,25.14959,104.37274,41698.445
Czechia,CZE,2007,6.73949,1.84635,39629.008
Denmark,DNK,2007,5.46741,2.16989,63604.562
Algeria,DZA,2007,0.63323,2.56108,14114.675
Egypt,EGY,2007,1.40971,0.44195,11782.006
Spain,ESP,2007,1.81609,1.42702,45301.285
Estonia,EST,2007,1.40474,4.61746,35989.863
Finland,FIN,2007,3.25589,1.98248,57313.293
France,FRA,2007,11.31505,2.52238,50157.785
United Kingdom,GBR,2007,14.87505,1.03601,49243.25
Georgia,GEO,2007,0.3029,5.09329,10567.274
Ghana,GHA,2007,1.35626,6.54199,3923.1257
Greece,GRC,2007,3.50995,5.2581,41796.234
Guyana,GUY,2007,0.45141,19.68195,9354.08
Hong Kong,HKG,2007,3.23009,17.27502,53813.08
Croatia,HRV,2007,2.4915,6.30523,29028.611
Hungary,HUN,2007,3.50115,1.55578,29044.066
Indonesia,IDN,2007,0.13973,0.89393,7802.464
Ireland,IRL,2007,8.80383,10.11794,66590.195
Iran,IRN,2007,0.07396,1.0395,15237.424
Iceland,ISL,2007,4.94912,15.66295,62940.746
Italy,ITA,2007,2.81618,1.62703,52747.19
Jordan,JOR,2007,9.73033,5.87026,10161.402
Kyrgyzstan,KGZ,2007,11.36478,1.70626,4558.713
South Korea,KOR,2007,0.99555,3.30612,36257.34
Laos,LAO,2007,0.33865,4.56094,4112.253
Lebanon,LBN,2007,12.12157,7.27608,13941.562
Saint Lucia,LCA,2007,6.53686,88.43446,20759.305
Liechtenstein,LIE,2007,86.47845,132.98663,
Lithuania,LTU,2007,0.95119,3.12447,29370.773
Latvia,LVA,2007,1.10659,2.91724,29423.736
Macao,MAC,2007,49.98324,5.23127,102879.64
Morocco,MAR,2007,1.90142,10.6973,6620.5903
Moldova,MDA,2007,1.26778,6.7903,8854.834
Madagascar,MDG,2007,1.85207,7.29808,1731.6176
North Macedonia,MKD,2007,1.51893,11.32855,14385.061
Malta,MLT,2007,6.18693,10.3135,33283.85
Myanmar,MMR,2007,0.01123,0.73694,2968.3032
Mongolia,MNG,2007,0.78014,3.88153,8750.134
Malaysia,MYS,2007,3.79824,6.56367,22305.12
Niger,NER,2007,1.8861,40.82834,1252.7483
Netherlands,NLD,2007,4.65142,1.7846,62601.62
Norway,NOR,2007,7.25619,5.51779,87043.5
Oman,OMN,2007,0.26808,16.78277,43696.97
Poland,POL,2007,0.6065,1.20296,24484.066
Palestine,PSE,2007,0.0,8.7506,4769.5234
Romania,ROU,2007,1.01091,2.24403,23148.574
Russia,RUS,2007,0.64339,0.43847,32630.37
Saudi Arabia,SAU,2007,2.62688,2.82823,53318.418
El Salvador,SLV,2007,0.58074,2.44582,8548.835
Serbia,SRB,2007,2.9274,4.87118,16202.27
Slovakia,SVK,2007,0.87221,10.9245,28075.807
Slovenia,SVN,2007,1.03067,1.968,39995.207
Sweden,SWE,2007,5.35037,3.42122,57230.79
Togo,TGO,2007,1.41222,15.84859,1920.2693
Thailand,THA,2007,0.34087,1.04991,15742.655
Tajikistan,TJK,2007,1.57418,1.87625,2181.898
Turkey,TUR,2007,0.78483,1.53762,19909.084
Ukraine,UKR,2007,1.05042,0.90411,18374.014
Uzbekistan,UZB,2007,0.08595,11.11218,4764.564
Vietnam,VNM,2007,0.20345,1.80866,6418.544
Yemen,YEM,2007,2.71045,3.97746,
Anguilla,AIA,2008,0.0,280.50266,
Armenia,ARM,2008,3.28697,3.83543,11727.482
Austria,AUT,2008,15.96883,4.11528,61157.99
Azerbaijan,AZE,2008,3.03054,4.1687,17963.021
Belgium,BEL,2008,7.43031,2.51139,56787.74
Benin,BEN,2008,6.49499,9.0657,2777.6196
Bangladesh,BGD,2008,0.08103,1.29608,3787.9382
Bulgaria,BGR,2008,3.50446,7.41724,20786.594
Belarus,BLR,2008,1.08535,5.34809,22137.947
Brunei,BRN,2008,3.38862,52.15165,91275.5
Canada,CAN,2008,6.46847,3.16655,53711.68
Switzerland,CHE,2008,14.12489,4.77675,75355.2
Chile,CHL,2008,1.51047,1.1803,23509.781
China,CHN,2008,0.19121,1.67507,8743.745
Cote d'Ivoire,CIV,2008,5.52907,5.90909,4096.7236
Democratic Republic of Congo,COD,2008,0.29604,1.4588,1136.9468
Cuba,CUB,2008,3.00805,0.17969,
Cayman Islands,CYM,2008,37.9386,39.14474,89380.15
Cyprus,CYP,2008,27.93522,95.25469,42147.43
Czechia,CZE,2008,7.10934,2.31136,40328.344
Denmark,DNK,2008,2.76931,2.19169,62968.16
Spain,ESP,2008,2.11823,1.30828,44926.348
Estonia,EST,2008,1.51391,5.01267,34236.95
Finland,FIN,2008,3.65027,2.15124,57494.586
France,FRA,2008,11.24656,2.18136,50068.297
United Kingdom,GBR,2008,14.67233,0.94764,48833.07
Georgia,GEO,2008,0.47796,5.91082,10856.104
Ghana,GHA,2008,1.44739,4.81573,4174.7812
Guinea,GIN,2008,0.93241,7.19525,2629.5398
Hong Kong,HKG,2008,2.91432,13.35508,54630.375
Croatia,HRV,2008,3.29754,6.23812,29604.826
Hungary,HUN,2008,3.73663,1.63854,29384.008
Indonesia,IDN,2008,0.12191,0.79631,8165.0615
Ireland,IRL,2008,7.16678,10.11279,62320.668
Iran,IRN,2008,0.03635,0.97715,15091.251
Iceland,ISL,2008,4.32926,14.48743,62831.17
Italy,ITA,2008,3.3918,1.63957,51806.39
Jordan,JOR,2008,10.45605,5.5089,10641.59
Kyrgyzstan,KGZ,2008,9.42909,1.59002,4894.943
Saint Kitts and Nevis,KNA,2008,0.0,58.87854,25898.783
South Korea,KOR,2008,1.25837,3.47711,37064.152
Laos,LAO,2008,0.37113,4.26007,4367.163
Saint Lucia,LCA,2008,9.08033,46.72746,21651.234
Liechtenstein,LIE,2008,81.625,108.5,
Lithuania,LTU,2008,1.4431,3.25735,30445.781
Luxembourg,LUX,2008,43.80604,229.86668,135812.22
Latvia,LVA,2008,1.15451,3.17603,28726.973
Macao,MAC,2008,49.78156,5.41898,102474.67
Morocco,MAR,2008,1.88274,10.18068,6901.9507
Moldova,MDA,2008,1.12325,10.46625,9563.698
Madagascar,MDG,2008,1.71744,6.84795,1794.4023
North Macedonia,MKD,2008,2.04262,8.84617,15260.252
Malta,MLT,2008,4.6136,10.65295,34526.49
Mongolia,MNG,2008,0.79653,5.15185,9379.8545
Malaysia,MYS,2008,4.47932,6.10907,22898.002
Namibia,NAM,2008,10.16898,45.9087,10286.513
Netherlands,NLD,2008,4.98966,1.38543,63678.402
Norway,NOR,2008,7.57222,5.28989,86379.664
Oman,OMN,2008,2.19247,16.8213,46586.395
Philippines,PHL,2008,0.10051,0.33026,5987.0376
Poland,POL,2008,0.69091,1.25687,25553.906
Palestine,PSE,2008,0.0,8.66824,4984.8057
Qatar,QAT,2008,36.2216,17.15937,109206.3
Romania,ROU,2008,1.31144,2.07181,25728.3
Russia,RUS,2008,1.44807,0.47208,34342.227
Saudi Arabia,SAU,2008,2.61933,3.51551,54407.707
Singapore,SGP,2008,20.33942,9.5402,87329.59
El Salvador,SLV,2008,0.62764,2.43573,8704.806
Serbia,SRB,2008,4.73868,4.77851,17111.139
Slovakia,SVK,2008,2.26471,11.37807,29556.262
Slovenia,SVN,2008,1.17892,1.97471,41278.61
Sweden,SWE,2008,5.5675,3.44201,56262.47
Turks and Caicos Islands,TCA,2008,0.0,12550.0,22689.316
Chad,TCD,2008,0.42127,21.89848,2601.3613
Thailand,THA,2008,0.44917,1.06359,15891.782
Tajikistan,TJK,2008,1.58425,2.81961,2308.0942
Tunisia,TUN,2008,0.69497,5.05501,11990.196
Turkey,TUR,2008,0.79834,1.59603,19839.584
Ukraine,UKR,2008,1.14383,1.11142,18883.986
Uzbekistan,UZB,2008,0.10434,10.52008,5115.644
Venezuela,VEN,2008,0.09069,0.7633,
Vietnam,VNM,2008,0.20316,2.20123,6659.1357
Aruba,ABW,2009,4.8725,11.79889,34986.15
Afghanistan,AFG,2009,0.0,5.80629,2565.022
Armenia,ARM,2009,3.39274,3.79818,10143.235
Antigua and Barbuda,ATG,2009,7.71456,66.13686,28405.69
Austria,AUT,2009,17.26516,4.08608,58810.44
Azerbaijan,AZE,2009,3.50352,5.70788,19242.39
Belgium,BEL,2009,7.98436,2.50272,55258.707
Bangladesh,BGD,2009,0.10043,1.22299,3942.1362
Bulgaria,BGR,2009,3.43595,7.63555,20220.697
Belarus,BLR,2009,1.24192,5.04651,22236.838
Bermuda,BMU,2009,5.12445,84.34196,108962.82
Brazil,BRA,2009,0.26683,0.51768,16939.441
Barbados,BRB,2009,10.49986,9.59183,22840.885
Brunei,BRN,2009,4.83052,51.08643,87875.83
Canada,CAN,2009,6.60326,3.24824,51552.42
Switzerland,CHE,2009,14.92454,4.81964,72709.81
Chile,CHL,2009,0.85673,1.24092,23013.582
China,CHN,2009,0.20894,1.7356,9518.433
Cote d'Ivoire,CIV,2009,1.23221,5.93137,4151.0537
Comoros,COM,2009,0.0,126.90972,3107.453
Cuba,CUB,2009,3.18891,0.20111,
Cyprus,CYP,2009,31.77564,83.28101,40204.23
Czechia,CZE,2009,7.34658,2.48279,38175.14
Djibouti,DJI,2009,0.0,94.0357,
Denmark,DNK,2009,5.36377,2.25781,59516.508
Algeria,DZA,2009,0.52772,1.96172,14104.428
Spain,ESP,2009,2.69414,1.33351,42852.223
Estonia,EST,2009,1.5892,5.43374,29284.404
Finland,FIN,2009,4.24549,2.42405,52599.15
France,FRA,2009,11.46616,2.46134,48404.965
United Kingdom,GBR,2009,15.27677,0.9876,46241.805
Georgia,GEO,2009,0.52402,8.68487,10553.09
Grenada,GRD,2009,63.3129,9.50717,13463.58
Guyana,GUY,2009,0.51937,23.77575,9924.526
Hong Kong,HKG,2009,3.63586,13.08044,53172.3
Croatia,HRV,2009,0.50119,6.62813,27617.043
Hungary,HUN,2009,3.65068,1.82414,27445.959
Ireland,IRL,2009,7.08454,10.11318,58547.266
Iran,IRN,2009,0.04332,1.18578,15055.149
Iceland,ISL,2009,4.62793,15.56042,57406.47
Italy,ITA,2009,3.27447,1.82748,48774.39
Jordan,JOR,2009,10.37279,5.62796,10938.503
Kyrgyzstan,KGZ,2009,7.57928,1.67541,4969.9614
South Korea,KOR,2009,1.55411,3.68668,37176.195
Laos,LAO,2009,0.59996,3.71549,4625.072
Saint Lucia,LCA,2009,7.36767,44.77453,20907.334
Liechtenstein,LIE,2009,74.40318,119.52444,
Lithuania,LTU,2009,1.34001,3.54057,26217.545
Latvia,LVA,2009,1.26595,3.43223,24520.68
Macao,MAC,2009,49.84551,5.43308,104911.14
Morocco,MAR,2009,1.89005,9.95486,7063.727
Moldova,MDA,2009,1.08105,9.43231,9001.234
Madagascar,MDG,2009,1.80689,6.3231,1673.1555
North Macedonia,MKD,2009,2.19479,8.66509,15304.198
Malta,MLT,2009,4.33733,10.90841,33789.06
Mongolia,MNG,2009,0.6818,5.4487,9095.977
Montserrat,MSR,2009,0.0,96.42857,
Mauritius,MUS,2009,1.55836,28.71947,18290.406
Malaysia,MYS,2009,5.77839,5.97869,22106.643
Niger,NER,2009,6.41571,26.44326,1277.6923
Netherlands,NLD,2009,3.82764,1.82505,61029.73
Norway,NOR,2009,7.98378,5.63671,83642.07
Nepal,NPL,2009,0.03284,8.71851,2961.839
Oman,OMN,2009,1.89923,13.41724,48304.117
Poland,POL,2009,0.78958,1.32451,26204.41
North Korea,PRK,2009,0.08092,0.36646,
Palestine,PSE,2009,0.0,9.34484,5270.663
Qatar,QAT,2009,36.53392,18.35987,108435.75
Romania,ROU,2009,0.94446,2.09626,24512.307
Russia,RUS,2009,1.39002,0.50539,31654.004
Saudi Arabia,SAU,2009,2.62692,4.17386,51760.766
Singapore,SGP,2009,22.78,9.42419,84843.516
El Salvador,SLV,2009,0.52416,2.57057,8494.498
Serbia,SRB,2009,4.41129,5.18879,16639.994
Slovakia,SVK,2009,2.68557,11.94685,27891.896
Slovenia,SVN,2009,1.77549,2.1095,37802.09
Sweden,SWE,2009,6.39879,3.53145,53411.2
Thailand,THA,2009,0.67684,1.09646,15665.903
Tajikistan,TJK,2009,1.67755,3.28544,2349.5002
Tunisia,TUN,2009,0.65138,5.07339,12229.775
Turkey,TUR,2009,0.74883,1.50191,18612.193
Ukraine,UKR,2009,1.27845,1.17622,16092.796
Uzbekistan,UZB,2009,0.12667,9.6632,5439.551
British Virgin Islands,VGB,2009,20.39637,30.4466,
Vietnam,VNM,2009,0.2371,2.46852,6914.339
Aruba,ABW,2010,2.70386,21.75168,33951.625
Armenia,ARM,2010,2.74833,4.36842,10438.564
Antigua and Barbuda,ATG,2010,14.01709,55.50811,25826.61
Austria,AUT,2010,17.80005,3.75941,59730.55
Azerbaijan,AZE,2010,3.16831,7.99362,19925.39
Burundi,BDI,2010,6.19427,6.33909,991.0389
Belgium,BEL,2010,8.11257,2.57349,56240.203
Benin,BEN,2010,7.92083,4.49518,2733.574
Bulgaria,BGR,2010,3.50418,7.77102,20670.826
Belarus,BLR,2010,1.50394,6.04542,24012.613
Bermuda,BMU,2010,5.98897,91.8107,105968.875
Brazil,BRA,2010,0.22491,0.51594,18062.158
Barbados,BRB,2010,12.95345,9.88513,22243.457
Brunei,BRN,2010,3.96468,57.80208,88586.516
Canada,CAN,2010,7.43157,3.27862,52558.44
Switzerland,CHE,2010,15.36163,4.67698,74290.266
Chile,CHL,2010,0.97383,1.21164,24116.77
China,CHN,2010,0.23086,1.8699,10476.3125
Cote d'Ivoire,CIV,2010,1.26014,6.56197,4338.6523
Cameroon,CMR,2010,0.84146,10.1972,4286.583
Comoros,COM,2010,0.0,142.3587,3161.3748
Cuba,CUB,2010,3.77513,0.28677,
Cyprus,CYP,2010,31.93001,84.23246,40060.457
Czechia,CZE,2010,8.00084,2.59336,39097.387
Denmark,DNK,2010,7.53775,2.29666,60190.633
Algeria,DZA,2010,0.57189,1.99844,14496.421
Egypt,EGY,2010,1.85239,0.52729,13128.988
Spain,ESP,2010,2.98131,1.34883,42695.527
Estonia,EST,2010,1.783,5.78063,30070.299
Finland,FIN,2010,4.64398,2.47906,54017.945
France,FRA,2010,11.5779,2.55762,49130.42
United Kingdom,GBR,2010,15.72921,0.99379,46917.89
Georgia,GEO,2010,0.78716,7.78415,11294.368
Greece,GRC,2010,4.18092,4.50843,37566.75
Guyana,GUY,2010,0.50384,11.49068,10374.395
Hong Kong,HKG,2010,3.89974,12.46818,56355.41
Honduras,HND,2010,0.72876,2.32409,5396.0723
Croatia,HRV,2010,0.55921,6.23304,27309.94
Hungary,HUN,2010,4.01234,2.01602,27801.834
Indonesia,IDN,2010,0.12871,0.75105,8848.225
Ireland,IRL,2010,6.95277,10.27361,59209.1
Iran,IRN,2010,0.08394,1.17448,15729.913
Iceland,ISL,2010,4.92493,15.39695,56211.836
Israel,ISR,2010,0.80249,3.83668,37722.41
Italy,ITA,2010,3.52984,2.05528,49301.695
Jordan,JOR,2010,11.11134,6.29757,10953.538
Kazakhstan,KAZ,2010,1.58238,5.18914,26374.84
Kyrgyzstan,KGZ,2010,6.30317,1.91434,4876.4795
South Korea,KOR,2010,1.81049,3.61521,39574.05
Laos,LAO,2010,0.61287,3.22762,4946.1055
Lebanon,LBN,2010,15.04164,6.45953,17390.758
Saint Lucia,LCA,2010,16.77648,61.38654,20849.055
Liechtenstein,LIE,2010,75.22236,123.32953,
Lithuania,LTU,2010,1.47636,4.23896,26887.492
Luxembourg,LUX,2010,41.40625,136.16238,131432.06
Latvia,LVA,2010,1.56351,4.51768,24119.73
Macao,MAC,2010,45.82711,5.93372,130758.28
Morocco,MAR,2010,1.92468,9.57554,7210.6367
Moldova,MDA,2010,1.20921,11.62748,9649.951
Madagascar,MDG,2010,1.76374,5.87898,1635.2451
Mongolia,MNG,2010,0.60084,5.86687,9507.119
Mauritius,MUS,2010,1.78299,24.67306,19045.654
Malawi,MWI,2010,1.13636,32.67244,1504.3751
Malaysia,MYS,2010,6.10022,5.58442,23307.97
Niger,NER,2010,6.58049,26.51223,1336.5641
Netherlands,NLD,2010,4.29679,1.94334,61518.555
Norway,NOR,2010,7.00337,6.18756,83256.79
Oman,OMN,2010,2.28918,13.12395,48191.613
Poland,POL,2010,0.85429,1.29887,27112.133
Palestine,PSE,2010,0.0,8.5051,5432.2437
Qatar,QAT,2010,39.13043,19.66368,129044.71
Romania,ROU,2010,1.34654,2.51127,23695.225
Saudi Arabia,SAU,2010,2.97388,5.21329,54911.547
Singapore,SGP,2010,20.2266,8.76097,95456.19
El Salvador,SLV,2010,0.50929,2.53636,8648.93
Serbia,SRB,2010,4.18173,5.45645,16976.168
Slovakia,SVK,2010,3.38811,13.05055,29758.174
Slovenia,SVN,2010,1.6836,2.12841,38056.18
Sweden,SWE,2010,6.93017,3.51035,56003.27
Thailand,THA,2010,0.78514,1.12393,16730.37
Tajikistan,TJK,2010,1.72716,4.30391,2449.2737
Tunisia,TUN,2010,0.59531,5.27968,12458.271
Turkey,TUR,2010,0.73209,1.2898,19897.447
Ukraine,UKR,2010,1.42975,1.33635,16811.795
Uzbekistan,UZB,2010,0.14972,8.42053,5760.805
Vietnam,VNM,2010,0.16135,2.34138,7274.733
Zimbabwe,ZWE,2010,0.93435,27.27247,3885.3938
Aruba,ABW,2011,3.55431,8.55397,34837.94
Albania,ALB,2011,1.0973,18.76693,11563.691
Armenia,ARM,2011,3.0059,4.98204,10990.177
Antigua and Barbuda,ATG,2011,9.55056,60.02345,25023.918
Austria,AUT,2011,17.63254,3.75728,61272.258
Azerbaijan,AZE,2011,2.80243,10.56499,19358.078
Belgium,BEL,2011,8.18868,2.68595,56585.3
Burkina Faso,BFA,2011,3.58536,6.71149,1939.8666
Bulgaria,BGR,2011,3.62645,8.3043,21238.635
Bosnia and Herzegovina,BIH,2011,4.82439,10.67146,11882.052
Belarus,BLR,2011,1.74285,6.88451,25404.756
Bermuda,BMU,2011,7.00685,93.58044,101989.93
Brazil,BRA,2011,0.20827,0.52867,18627.81
Barbados,BRB,2011,13.79921,10.00242,22102.482
Brunei,BRN,2011,5.61425,51.6845,90279.664
Canada,CAN,2011,8.16061,3.16723,53681.13
Switzerland,CHE,2011,16.22183,4.66017,74800.89
Chile,CHL,2011,0.27687,1.23606,25366.27
China,CHN,2011,0.25437,2.02949,11405.018
Cote d'Ivoire,CIV,2011,1.89183,14.70048,4017.4077
Cameroon,CMR,2011,1.38597,10.0132,4307.852
Democratic Republic of Congo,COD,2011,0.45972,1.32103,1205.7399
Congo,COG,2011,0.11495,40.58571,8492.421
Comoros,COM,2011,0.0,104.78872,3227.2166
Cape Verde,CPV,2011,1.35101,32.95627,7325.784
Cuba,CUB,2011,4.10801,0.35875,
Cyprus,CYP,2011,27.99053,84.48278,39214.004
Czechia,CZE,2011,8.52635,2.69153,39708.164
Djibouti,DJI,2011,0.0,64.59888,
Denmark,DNK,2011,7.82136,2.38121,60729.055
Algeria,DZA,2011,0.54932,2.01984,14641.964
Spain,ESP,2011,3.21131,1.4243,42271.836
Estonia,EST,2011,2.06908,6.19094,32456.121
Finland,FIN,2011,5.09412,2.52826,55053.39
France,FRA,2011,11.87069,2.66841,50085.684
United Kingdom,GBR,2011,16.84985,1.15563,46949.02
Georgia,GEO,2011,1.54581,7.50058,12288.683
Ghana,GHA,2011,1.98767,3.58548,5005.367
Guinea,GIN,2011,1.31018,6.98857,2673.4087
Greece,GRC,2011,4.96836,4.45271,33906.492
Guyana,GUY,2011,0.53783,21.02551,10958.86
Hong Kong,HKG,2011,6.63889,11.60228,58672.83
Croatia,HRV,2011,0.44817,6.12787,27374.002
Hungary,HUN,2011,4.31103,2.12167,28415.117
India,IND,2011,0.1033,0.75961,5249.5493
Ireland,IRL,2011,10.70594,10.45355,59899.918
Iran,IRN,2011,0.10546,1.2329,15947.766
Iceland,ISL,2011,5.83179,14.35274,56813.742
Israel,ISR,2011,1.07913,3.87145,39075.375
Italy,ITA,2011,3.73984,2.24713,49473.016
Jordan,JOR,2011,9.93163,6.45867,10977.482
Kazakhstan,KAZ,2011,1.304,5.31666,27946.16
Kyrgyzstan,KGZ,2011,5.09138,2.17453,5092.8516
South Korea,KOR,2011,1.86754,3.49974,40719.227
Laos,LAO,2011,0.62718,3.28649,5266.879
Lebanon,LBN,2011,15.29991,6.03543,17353.195
Saint Lucia,LCA,2011,11.2934,45.53289,21637.87
Liechtenstein,LIE,2011,78.96341,100.05005,
Sri Lanka,LKA,2011,0.17953,6.77282,10618.492
Lithuania,LTU,2011,1.60541,5.44803,29240.748
Latvia,LVA,2011,1.90552,5.8161,25308.732
Macao,MAC,2011,44.63777,6.01609,155385.33
Moldova,MDA,2011,1.24973,13.73605,10217.309
Madagascar,MDG,2011,1.67391,5.63646,1614.5514
Mali,MLI,2011,1.27296,8.85575,2623.3462
Malta,MLT,2011,4.09886,10.92179,35909.082
Myanmar,MMR,2011,0.00986,1.08887,4078.6123
Mongolia,MNG,2011,0.60702,6.06366,10960.096
Mozambique,MOZ,2011,0.34901,1.91492,1275.5295
Mauritius,MUS,2011,1.76851,21.78252,19790.53
Malaysia,MYS,2011,6.13931,5.70448,24115.818
Niger,NER,2011,6.60192,26.06988,1318.1013
Netherlands,NLD,2011,4.91876,1.74506,62318.14
Norway,NOR,2011,7.23765,6.73068,83092.44
Nepal,NPL,2011,0.02776,7.72556,3176.6504
Oman,OMN,2011,2.36243,11.30865,44440.31
Poland,POL,2011,0.99556,1.29941,28521.662
Palestine,PSE,2011,0.0,8.36676,5805.3213
Qatar,QAT,2011,40.30745,18.39977,145590.77
Romania,ROU,2011,1.8438,3.25965,24882.553
Russia,RUS,2011,1.91746,0.59768,34444.645
Saudi Arabia,SAU,2011,3.41941,5.58454,58645.445
Senegal,SEN,2011,6.92739,10.17832,3362.8794
Singapore,SGP,2011,21.74497,8.72015,99296.76
El Salvador,SLV,2011,0.48886,1.87898,8943.062
Serbia,SRB,2011,3.60651,5.74501,17114.281
Slovakia,SVK,2011,3.86558,14.51882,30481.377
Slovenia,SVN,2011,1.84442,2.40246,38226.125
Sweden,SWE,2011,7.8791,3.70179,57340.504
Eswatini,SWZ,2011,0.88724,49.79749,8350.892
Seychelles,SYC,2011,0.0,219.6027,24406.412
Chad,TCD,2011,4.01659,21.68455,2741.0708
Thailand,THA,2011,0.80706,1.06169,16766.348
Tajikistan,TJK,2011,1.81853,4.58515,2572.4807
Tunisia,TUN,2011,0.56143,5.36199,12068.714
Turkey,TUR,2011,0.81523,1.21701,21760.43
Uganda,UGA,2011,10.73262,3.8895,2384.4653
Ukraine,UKR,2011,1.51102,1.44389,17783.957
Uzbekistan,UZB,2011,0.13625,8.33927,6100.251
Vietnam,VNM,2011,0.16672,2.30474,7652.619
Yemen,YEM,2011,4.2591,5.09763,
Zimbabwe,ZWE,2011,0.69465,31.48865,4358.926
Aruba,ABW,2012,1.37352,8.30097,33972.34
Albania,ALB,2012,1.30006,15.16122,11859.09
Armenia,ARM,2012,3.4338,5.86884,11796.274
Antigua and Barbuda,ATG,2012,11.99777,32.90491,25592.906
Austria,AUT,2012,14.04076,3.77722,61376.723
Azerbaijan,AZE,2012,2.50387,9.08585,19523.373
Belgium,BEL,2012,8.98324,2.80317,56356.824
Burkina Faso,BFA,2012,2.96107,6.05778,2003.6647
Bulgaria,BGR,2012,3.93481,8.8032,21521.973
Bosnia and Herzegovina,BIH,2012,5.87955,10.33585,12014.575
Belarus,BLR,2012,2.06324,7.05104,25879.133
Bermuda,BMU,2012,6.72926,113.25075,96711.07
Brazil,BRA,2012,0.21019,0.53195,18832.219
Brunei,BRN,2012,4.24664,42.55736,89718.46
Central African Republic,CAF,2012,14.3747,16.70084,1577.9806
Canada,CAN,2012,8.98,3.11991,54034.805
Switzerland,CHE,2012,16.49572,4.37963,74883.62
Chile,CHL,2012,0.30936,1.1185,26670.498
China,CHN,2012,0.27306,2.07716,12217.8545
Cameroon,CMR,2012,1.13125,8.68091,4382.1113
Comoros,COM,2012,0.03286,101.52266,3263.163
Cape Verde,CPV,2012,1.12712,35.8578,7397.8223
Cuba,CUB,2012,4.52202,0.44772,
Cyprus,CYP,2012,23.46091,84.8841,37289.62
Czechia,CZE,2012,8.96236,2.75728,39347.05
Denmark,DNK,2012,8.13101,2.13906,60497.69
Dominican Republic,DOM,2012,3.48345,0.86383,15487.277
Algeria,DZA,2012,0.59582,2.05055,14697.54
Ecuador,ECU,2012,0.58947,2.30335,12961.026
Spain,ESP,2012,2.83641,1.56379,41034.047
Estonia,EST,2012,2.32668,6.59966,33768.574
Finland,FIN,2012,5.70885,2.66497,53957.668
France,FRA,2012,11.81894,2.80212,49935.625
United Kingdom,GBR,2012,17.13637,1.06668,47328.21
Georgia,GEO,2012,1.68049,9.93065,13193.96
Ghana,GHA,2012,3.09199,3.52661,5339.7134
Guinea,GIN,2012,0.91922,7.04756,2762.9036
Greece,GRC,2012,4.37127,5.13829,31250.227
Guyana,GUY,2012,0.38388,18.99437,11534.999
Hong Kong,HKG,2012,7.81951,11.45886,59015.332
Honduras,HND,2012,0.90434,2.41218,5600.608
Croatia,HRV,2012,0.53532,5.43788,26888.752
Hungary,HUN,2012,4.60136,2.07288,28179.656
Indonesia,IDN,2012,0.11606,0.58388,9708.612
India,IND,2012,0.09918,0.66675,5460.4375
Ireland,IRL,2012,5.76183,9.63553,59405.047
Iran,IRN,2012,0.10244,1.17826,15159.295
Iceland,ISL,2012,6.20975,14.32577,57173.043
Israel,ISR,2012,1.18835,3.96488,39299.35
Italy,ITA,2012,4.03608,2.48864,47795.957
Jordan,JOR,2012,9.10902,5.65384,11086.03
Kazakhstan,KAZ,2012,1.08963,5.149,28881.242
Kyrgyzstan,KGZ,2012,3.7644,2.19136,4993.3945
South Korea,KOR,2012,1.77178,3.36197,41537.67
Laos,LAO,2012,0.46551,3.45174,5608.9697
Lebanon,LBN,2012,12.81611,5.98213,17323.3
Saint Lucia,LCA,2012,19.31075,66.79606,21515.9
Liechtenstein,LIE,2012,80.625,97.696,
Sri Lanka,LKA,2012,0.13818,6.06903,11447.693
Lesotho,LSO,2012,0.4979,11.47728,2894.227
Lithuania,LTU,2012,1.79247,6.85544,30920.33
Luxembourg,LUX,2012,40.55875,126.75226,128895.41
Latvia,LVA,2012,2.79882,6.58466,27496.545
Macao,MAC,2012,31.53334,7.03649,164239.27
Moldova,MDA,2012,1.55068,13.68936,10158.386
Madagascar,MDG,2012,1.73658,5.45131,1617.7908
Marshall Islands,MHL,2012,0.97744,18.97719,4244.0444
North Macedonia,MKD,2012,2.16684,7.10155,16356.34
Mali,MLI,2012,0.8567,6.92611,2520.5293
Malta,MLT,2012,4.84307,11.20284,37047.32
Myanmar,MMR,2012,0.01577,1.11285,4340.9995
Mongolia,MNG,2012,0.60855,5.92402,12078.919
Mauritius,MUS,2012,2.30051,18.50226,20425.707
Malaysia,MYS,2012,5.22005,5.49054,25006.36
Niger,NER,2012,5.42639,20.36978,1403.1897
Netherlands,NLD,2012,7.24551,1.88557,61480.812
Norway,NOR,2012,7.74649,6.93522,84237.15
Poland,POL,2012,1.17202,1.29822,28952.916
Palestine,PSE,2012,0.0,9.33129,6009.1094
Qatar,QAT,2012,41.43403,20.32258,143830.56
Romania,ROU,2012,2.44126,4.50435,25469.354
Russia,RUS,2012,2.17493,0.63727,35740.7
Rwanda,RWA,2012,0.76356,8.62239,1988.0122
Saudi Arabia,SAU,2012,3.86117,5.5282,59471.7
Senegal,SEN,2012,11.60808,9.68383,3405.1086
Singapore,SGP,2012,19.16522,8.60988,101187.83
El Salvador,SLV,2012,0.40504,2.18362,9165.42
Serbia,SRB,2012,3.8552,5.37849,17121.162
Slovakia,SVK,2012,4.09489,14.91381,30907.04
Slovenia,SVN,2012,2.26628,2.3811,37033.766
Sweden,SWE,2012,6.31529,3.95757,56682.02
Sint Maarten (Dutch part),SXM,2012,38.28571,4.69588,53357.004
Seychelles,SYC,2012,0.0,478.2225,24919.955
Thailand,THA,2012,0.8356,1.08301,17869.637
Tajikistan,TJK,2012,1.60042,4.3995,2700.0955
Tunisia,TUN,2012,0.53191,5.3349,12436.3955
Turkey,TUR,2012,0.8864,1.06474,22517.715
Ukraine,UKR,2012,1.82389,1.55673,17848.74
Uzbekistan,UZB,2012,0.18521,7.48895,6435.5645
Vietnam,VNM,2012,0.17672,2.36159,7979.868
South Africa,ZAF,2012,4.19401,0.65344,14563.763
Zimbabwe,ZWE,2012,0.37442,17.81079,5003.4873
Aruba,ABW,2013,22.77731,19.38575,35621.785
Andorra,AND,2013,36.24535,228.57713,57332.16
Armenia,ARM,2013,3.01631,6.2037,12194.019
Austria,AUT,2013,16.75873,3.76215,60863.055
Azerbaijan,AZE,2013,2.3674,11.89353,20398.646
Burundi,BDI,2013,8.04548,6.48317,1014.5231
Belgium,BEL,2013,9.97936,2.59201,56263.176
Burkina Faso,BFA,2013,2.89999,5.98275,2057.064
Bulgaria,BGR,2013,4.08298,8.76165,21841.285
Bosnia and Herzegovina,BIH,2013,6.48272,9.56056,12498.691
Belarus,BLR,2013,2.40871,6.78719,26147.625
Canada,CAN,2013,9.72349,3.007,54712.18
Switzerland,CHE,2013,16.84654,4.36657,75354.16
Chile,CHL,2013,0.25562,1.10194,27291.357
China,CHN,2013,0.2828,2.10914,13080.829
Democratic Republic of Congo,COD,2013,1.17703,1.88559,1342.7416
Congo,COG,2013,0.9288,33.05336,8798.494
Cape Verde,CPV,2013,0.96419,33.04497,7440.6626
Cuba,CUB,2013,4.49709,0.58516,
Cyprus,CYP,2013,14.87877,82.31708,34873.137
Czechia,CZE,2013,9.3903,2.94517,39317.555
Germany,DEU,2013,7.07259,4.33668,58089.17
Denmark,DNK,2013,10.12547,1.81813,61085.03
Algeria,DZA,2013,0.59102,1.68494,14778.191
Egypt,EGY,2013,1.77564,0.81634,13058.075
Spain,ESP,2013,2.86182,1.52896,40594.914
Estonia,EST,2013,2.89479,6.44848,34484.223
Finland,FIN,2013,7.0739,2.68414,53183.43
France,FRA,2013,9.77869,3.29078,50066.53
United Kingdom,GBR,2013,17.46263,1.19981,47820.28
Georgia,GEO,2013,3.03337,6.37078,13913.002
Ghana,GHA,2013,3.0441,3.03337,5593.775
Greece,GRC,2013,4.18636,5.14766,30762.443
Hong Kong,HKG,2013,8.89862,10.72427,60601.61
Honduras,HND,2013,0.89048,2.22858,5644.134
Croatia,HRV,2013,0.30372,5.18539,27020.545
Hungary,HUN,2013,5.7637,2.46307,28891.021
India,IND,2013,0.12216,0.68013,5732.2417
Ireland,IRL,2013,6.44894,8.21541,60388.94
Iran,IRN,2013,0.16157,1.13319,14734.74
Iceland,ISL,2013,6.54029,14.87912,58671.93
Israel,ISR,2013,2.75871,3.72287,40148.777
Italy,ITA,2013,4.40275,2.6892,46833.363
Japan,JPN,2013,3.51571,0.8657,42492.242
Kazakhstan,KAZ,2013,1.11459,6.93229,30177.488
Kyrgyzstan,KGZ,2013,3.95743,2.07731,5418.5405
South Korea,KOR,2013,1.66163,3.40696,42709.977
Laos,LAO,2013,0.23123,3.52731,5974.4736
Saint Lucia,LCA,2013,16.53747,41.03955,21029.29
Sri Lanka,LKA,2013,0.27403,5.41277,12249.723
Lesotho,LSO,2013,0.43202,12.10619,2914.3752
Lithuania,LTU,2013,2.45155,7.53222,32474.64
Latvia,LVA,2013,3.71002,6.73467,28375.184
Macao,MAC,2013,33.57935,7.86686,174569.52
Morocco,MAR,2013,1.4057,5.7012,7839.032
Moldova,MDA,2013,1.883,15.34817,11080.063
Madagascar,MDG,2013,1.74538,4.45859,1610.6023
Mexico,MEX,2013,0.243,0.85069,20805.348
North Macedonia,MKD,2013,2.16044,6.50588,16897.016
Mali,MLI,2013,0.96661,8.08109,2528.53
Malta,MLT,2013,5.05806,15.1362,38935.188
Mongolia,MNG,2013,0.62143,5.1726,13210.095
Mozambique,MOZ,2013,0.28407,1.45541,1385.8325
Mauritius,MUS,2013,2.86874,17.41941,21061.03
Norway,NOR,2013,3.61528,7.10629,84070.46
New Zealand,NZL,2013,16.11515,2.10943,43338.438
Oman,OMN,2013,2.44346,10.93281,40854.484
Poland,POL,2013,1.45933,1.22373,29168.625
Palestine,PSE,2013,0.0,10.40515,6142.202
Qatar,QAT,2013,40.70902,23.32183,136453.94
Romania,ROU,2013,3.48795,5.26795,25635.37
Rwanda,RWA,2013,0.95565,8.64848,2032.4048
Saudi Arabia,SAU,2013,4.58078,5.52857,57998.465
Senegal,SEN,2013,13.83742,8.42926,3385.426
El Salvador,SLV,2013,0.42882,2.11192,9327.564
Serbia,SRB,2013,3.73726,5.30109,17282.336
Slovakia,SVK,2013,4.85962,15.84792,31090.988
Slovenia,SVN,2013,2.62318,2.67739,36678.875
Sweden,SWE,2013,5.82612,4.13586,56843.164
Eswatini,SWZ,2013,0.50887,34.93811,8951.058
Seychelles,SYC,2013,0.0,198.5907,24770.652
Tajikistan,TJK,2013,0.85574,5.30506,2828.3855
Tunisia,TUN,2013,1.84829,5.05891,12587.995
Turkey,TUR,2013,1.09305,0.91078,24117.312
Ukraine,UKR,2013,2.25273,1.92831,17889.092
United States,USA,2013,3.92751,0.38026,61958.723
Uzbekistan,UZB,2013,0.22073,7.83933,6797.775
Vietnam,VNM,2013,0.16035,2.48862,8324.198
South Africa,ZAF,2013,4.08954,0.68661,14681.097
Aruba,ABW,2014,22.02429,17.59342,35746.863
Afghanistan,AFG,2014,0.0,7.46959,3017.9426
Armenia,ARM,2014,3.94907,6.62658,12667.376
Austria,AUT,2014,15.47035,3.94115,60845.66
Azerbaijan,AZE,2014,2.25485,16.69991,20709.201
Belgium,BEL,2014,11.19477,2.60203,57002.91
Benin,BEN,2014,6.86665,3.94024,2987.3823
Burkina Faso,BFA,2014,1.44502,6.18527,2083.1985
Bulgaria,BGR,2014,3.98244,8.65453,22318.072
Bahrain,BHR,2014,13.22121,13.23271,55065.82
Bosnia and Herzegovina,BIH,2014,7.27606,9.36509,12806.156
Belarus,BLR,2014,2.88343,6.7821,26564.436
Bermuda,BMU,2014,20.75812,146.84116,93042.27
Brazil,BRA,2014,0.23653,0.55968,19183.172
Brunei,BRN,2014,3.1881,30.82835,83310.62
Botswana,BWA,2014,2.57038,6.22197,17052.193
Canada,CAN,2014,10.41181,3.01563,55723.484
Switzerland,CHE,2014,17.10329,4.26082,76189.6
Chile,CHL,2014,0.26901,1.09423,27505.049
China,CHN,2014,0.25813,1.83657,13968.581
Cote d'Ivoire,CIV,2014,1.67702,6.03907,4907.5747
Colombia,COL,2014,0.17418,1.56962,16480.363
Comoros,COM,2014,0.0,107.24864,3334.5752
Cape Verde,CPV,2014,1.35105,23.68969,7491.022
Cuba,CUB,2014,4.3367,0.72777,
Cyprus,CYP,2014,14.34935,77.32227,34353.93
Czechia,CZE,2014,9.82958,2.95476,40158.016
Germany,DEU,2014,7.22965,4.07073,59108.7
Denmark,DNK,2014,9.93401,1.81448,61552.8
Dominican Republic,DOM,2014,2.34214,0.9557,16993.588
Algeria,DZA,2014,0.63855,1.66148,15073.763
Egypt,EGY,2014,1.87944,0.94014,13136.365
Estonia,EST,2014,3.71679,6.98428,35723.625
Finland,FIN,2014,7.43498,2.88748,52710.734
France,FRA,2014,9.84239,3.44412,50326.566
United Kingdom,GBR,2014,18.22084,1.27812,48964.285
Ghana,GHA,2014,3.89987,3.0074,5619.0723
Hong Kong,HKG,2014,9.84401,11.15922,61839.812
Honduras,HND,2014,0.69347,2.26416,5705.1626
Croatia,HRV,2014,0.3848,5.32088,27076.57
Hungary,HUN,2014,7.04436,2.90397,30264.95
India,IND,2014,0.12866,0.71635,6079.8438
Ireland,IRL,2014,6.99714,7.55627,65575.805
Iran,IRN,2014,0.24092,1.08481,15262.852
Iceland,ISL,2014,7.39661,13.74482,59133.27
Israel,ISR,2014,2.77781,3.73624,40872.582
Italy,ITA,2014,4.72098,2.96222,46825.652
Japan,JPN,2014,3.43525,0.87771,42674.7
Kazakhstan,KAZ,2014,1.50921,9.21057,30986.438
Kyrgyzstan,KGZ,2014,4.50545,3.12338,5513.7544
Saint Kitts and Nevis,KNA,2014,73.23366,12.00109,28530.307
South Korea,KOR,2014,1.58066,3.31839,43806.926
Laos,LAO,2014,0.41001,2.55828,6341.2124
Lebanon,LBN,2014,7.64127,6.09844,15205.873
Saint Lucia,LCA,2014,22.79152,32.87712,21214.477
Liechtenstein,LIE,2014,85.3012,116.72117,
Sri Lanka,LKA,2014,0.29568,5.426,12909.966
Lesotho,LSO,2014,0.39499,12.50692,2930.6172
Latvia,LVA,2014,4.9927,6.71487,29243.742
Macao,MAC,2014,36.82802,7.02212,162813.44
Morocco,MAR,2014,1.80135,5.37681,7951.7983
Moldova,MDA,2014,2.05545,18.1739,11641.121
Madagascar,MDG,2014,1.76687,3.88333,1620.3579
North Macedonia,MKD,2014,2.83629,6.31258,17557.338
Mali,MLI,2014,0.87495,9.33373,2609.1672
Malta,MLT,2014,5.86043,9.77663,41068.21
Mongolia,MNG,2014,0.64496,5.48249,13943.428
Mozambique,MOZ,2014,0.36969,1.35503,1449.9293
Mauritius,MUS,2014,3.82134,18.30956,21827.48
Malaysia,MYS,2014,8.83383,5.54365,26818.432
Namibia,NAM,2014,8.75796,10.12808,11982.696
Norway,NOR,2014,3.49726,6.93361,84830.26
New Zealand,NZL,2014,18.74357,1.95637,44255.504
Oman,OMN,2014,2.62724,10.96961,39639.99
Poland,POL,2014,1.96659,1.35127,30334.879
Palestine,PSE,2014,0.0,11.97728,5990.427
Qatar,QAT,2014,39.90497,18.22527,128013.945
Romania,ROU,2014,4.07098,5.65912,26790.684
Russia,RUS,2014,3.04967,0.79947,35853.246
Rwanda,RWA,2014,0.9276,8.09144,2106.2146
Saudi Arabia,SAU,2014,4.79532,5.62678,58872.266
Senegal,SEN,2014,14.69561,8.53748,3484.0122
El Salvador,SLV,2014,0.3999,1.97484,9451.744
Serbia,SRB,2014,3.67061,5.79475,17053.244
Slovakia,SVK,2014,5.61374,16.203,31901.943
Slovenia,SVN,2014,2.74657,2.76511,37655.2
Sweden,SWE,2014,5.90554,4.09492,57574.05
Sint Maarten (Dutch part),SXM,2014,43.25843,50.40128,52439.473
Seychelles,SYC,2014,0.0,93.42748,25379.418
Tajikistan,TJK,2014,0.55362,6.17675,2943.0886
Turkmenistan,TKM,2014,0.1959,107.05278,12544.398
Turkey,TUR,2014,0.88045,0.82583,24888.852
Ukraine,UKR,2014,2.79759,2.32662,16978.812
United States,USA,2014,4.27601,0.39721,63018.805
Uzbekistan,UZB,2014,0.26262,10.02833,7145.11
Vietnam,VNM,2014,0.09435,2.2091,8751.883
South Africa,ZAF,2014,4.18186,0.80797,14643.339
Aruba,ABW,2015,27.61578,19.13029,36660.633
Andorra,AND,2015,41.71657,269.601,62105.152
Armenia,ARM,2015,4.21008,7.17581,13112.76
Australia,AUS,2015,15.46862,0.65917,55879.996
Austria,AUT,2015,15.89104,4.09355,60951.688
Azerbaijan,AZE,2015,2.0519,19.57826,20678.754
Burundi,BDI,2015,3.21718,5.00401,995.3191
Belgium,BEL,2015,11.18446,2.6788,57509.023
Benin,BEN,2015,7.89267,4.85174,2952.0022
Burkina Faso,BFA,2015,2.75844,6.50738,2101.7026
Bulgaria,BGR,2015,4.24588,8.72375,23371.549
Bahrain,BHR,2015,13.87368,13.99286,54149.914
Bosnia and Herzegovina,BIH,2015,7.47269,10.21196,13530.477
Belarus,BLR,2015,3.32844,6.05761,25513.213
Bermuda,BMU,2015,17.57451,175.21365,93859.875
Brazil,BRA,2015,0.23964,0.60842,18357.068
Brunei,BRN,2015,4.8684,31.80273,81910.19
Botswana,BWA,2015,1.63082,5.32637,15994.964
Canada,CAN,2015,10.97118,3.19469,55660.867
Switzerland,CHE,2015,17.18152,4.32663,76566.08
Chile,CHL,2015,0.31184,1.09912,27811.375
China,CHN,2015,0.28392,1.88763,14856.78
Cote d'Ivoire,CIV,2015,1.79823,6.0139,5110.8623
Colombia,COL,2015,0.18849,1.57632,16821.38
Cape Verde,CPV,2015,1.3479,24.6159,7560.1367
Cuba,CUB,2015,4.22856,0.88376,
Cyprus,CYP,2015,17.53215,68.70542,35451.582
Czechia,CZE,2015,10.54664,3.16575,42066.574
Germany,DEU,2015,7.6821,3.9339,59573.707
Denmark,DNK,2015,10.28315,1.60829,62405.715
Dominican Republic,DOM,2015,2.07351,0.87292,17973.188
Algeria,DZA,2015,0.61785,1.58754,15239.518
Ecuador,ECU,2015,0.77692,2.40446,13881.57
Estonia,EST,2015,5.17803,7.84721,36356.44
Finland,FIN,2015,7.6508,3.0873,52782.49
France,FRA,2015,9.87597,3.58391,50682.895
United Kingdom,GBR,2015,18.48803,1.35094,49652.72
Georgia,GEO,2015,3.74511,6.95035,14936.844
Ghana,GHA,2015,4.26816,3.20404,5607.366
Grenada,GRD,2015,68.233,5.25543,15136.696
Hong Kong,HKG,2015,10.70008,12.19269,62779.75
Honduras,HND,2015,0.76432,2.36756,5812.5347
Croatia,HRV,2015,0.50672,5.46,28037.549
Hungary,HUN,2015,7.05393,3.4586,31485.568
Indonesia,IDN,2015,0.10371,0.63673,10893.662
India,IND,2015,0.13079,0.80443,6488.146
Ireland,IRL,2015,7.36843,7.02383,80954.664
Iran,IRN,2015,0.28665,1.06483,14841.905
Italy,ITA,2015,4.95046,3.33827,47311.824
Jordan,JOR,2015,12.91063,7.23457,9581.689
Japan,JPN,2015,3.43216,0.79521,43386.71
Kazakhstan,KAZ,2015,1.51531,11.88517,30893.76
Kyrgyzstan,KGZ,2015,4.79422,3.56254,5600.2144
South Korea,KOR,2015,1.66886,3.30052,44849.105
Laos,LAO,2015,0.24195,2.71095,6703.741
Lebanon,LBN,2015,9.85457,6.81625,14980.0205
Saint Lucia,LCA,2015,19.40459,30.4622,21142.973
Liechtenstein,LIE,2015,87.6,133.92995,
Sri Lanka,LKA,2015,0.32013,5.67948,13329.779
Lesotho,LSO,2015,0.32312,12.90366,2986.9587
Lithuania,LTU,2015,3.53768,8.03636,35251.297
Luxembourg,LUX,2015,45.86717,145.86916,130097.26
Latvia,LVA,2015,6.11893,6.75407,30599.613
Macao,MAC,2015,39.68997,8.70851,123194.07
Morocco,MAR,2015,1.75335,5.12843,8198.809
Moldova,MDA,2015,2.49829,17.98051,11691.08
Madagascar,MDG,2015,1.81263,3.82304,1627.5806
Mexico,MEX,2015,0.28429,0.85748,21408.928
North Macedonia,MKD,2015,3.4937,7.44658,18283.209
Mali,MLI,2015,0.85628,10.56169,2686.5605
Malta,MLT,2015,6.21217,8.89642,43930.92
Mongolia,MNG,2015,0.69344,5.41954,13974.597
Mauritania,MRT,2015,1.36058,23.71785,5969.5425
Mauritius,MUS,2015,4.02419,19.72523,22603.088
Malaysia,MYS,2015,8.55877,4.97286,27699.627
Namibia,NAM,2015,8.56113,10.68867,12166.565
Niger,NER,2015,3.86531,12.54207,1471.6614
Netherlands,NLD,2015,10.22892,1.80681,63081.395
Norway,NOR,2015,3.62784,6.99733,85550.3
New Zealand,NZL,2015,21.13901,1.95533,44963.832
Oman,OMN,2015,2.81298,12.06425,39813.79
Poland,POL,2015,2.64144,1.43297,31700.37
Portugal,PRT,2015,5.00375,3.62281,35803.36
Palestine,PSE,2015,0.0,12.42546,6072.6504
Qatar,QAT,2015,37.71262,19.7069,123070.82
Romania,ROU,2015,4.25974,5.9632,27766.688
Russia,RUS,2015,3.43472,0.87086,35037.152
Rwanda,RWA,2015,0.96844,6.38688,2238.5393
Saudi Arabia,SAU,2015,4.78325,5.64606,58498.54
Senegal,SEN,2015,15.79402,8.56737,3593.7947
El Salvador,SLV,2015,0.38407,2.23634,9646.154
Serbia,SRB,2015,4.12563,5.71931,17362.838
Slovakia,SVK,2015,5.89837,17.09155,33521.594
Slovenia,SVN,2015,2.74949,3.18732,38527.42
Sweden,SWE,2015,6.22368,4.06137,59468.355
Sint Maarten (Dutch part),SXM,2015,36.08247,48.93399,51375.6
Seychelles,SYC,2015,0.0,40.18973,27032.209
Tajikistan,TJK,2015,0.8302,6.9787,3041.4448
Tunisia,TUN,2015,1.99675,5.85762,12802.792
Turkey,TUR,2015,1.19049,0.7531,25984.803
Ukraine,UKR,2015,3.24194,3.84011,15403.71
United States,USA,2015,4.64501,0.41378,64359.473
Uzbekistan,UZB,2015,0.29043,10.71697,7529.7637
Vietnam,VNM,2015,0.11651,2.75826,9248.024
South Africa,ZAF,2015,4.12091,0.86727,14541.675
Zimbabwe,ZWE,2015,0.4669,12.69166,5102.7144
Aruba,ABW,2016,27.62385,20.12196,36832.902
Andorra,AND,2016,42.88321,257.64932,64402.81
Argentina,ARG,2016,2.47254,0.24814,27802.105
Armenia,ARM,2016,4.10043,7.23323,13192.994
Australia,AUS,2016,17.48711,0.69614,56529.953
Austria,AUT,2016,16.34874,4.22105,61572.71
Azerbaijan,AZE,2016,2.00863,21.26441,19822.41
Burundi,BDI,2016,3.57162,7.6174,1009.636
Belgium,BEL,2016,12.02156,2.7857,57901.496
Benin,BEN,2016,8.87767,5.35355,2962.6638
Burkina Faso,BFA,2016,2.97272,6.06857,2162.7258
Bulgaria,BGR,2016,4.57468,9.04684,24393.56
Bahrain,BHR,2016,12.60911,14.28842,54107.074
Bosnia and Herzegovina,BIH,2016,7.30077,11.4131,14152.334
Belarus,BLR,2016,3.72705,5.80356,24846.83
Brazil,BRA,2016,0.24036,0.62498,17620.928
Brunei,BRN,2016,3.16985,32.00693,78880.625
Botswana,BWA,2016,2.63122,5.9791,16905.588
Canada,CAN,2016,11.89155,3.17834,55606.156
Switzerland,CHE,2016,17.58807,4.55017,77301.21
Chile,CHL,2016,0.36937,1.1128,27958.729
China,CHN,2016,0.31337,1.97523,15772.765
Cote d'Ivoire,CIV,2016,2.13324,6.51154,5320.8467
Cameroon,CMR,2016,0.97257,9.65854,4767.132
Democratic Republic of Congo,COD,2016,0.43837,2.19642,1388.8016
Colombia,COL,2016,0.16438,1.5654,17003.244
Cape Verde,CPV,2016,0.99033,27.0842,7881.303
Cuba,CUB,2016,4.23976,0.93882,
Cyprus,CYP,2016,19.13897,63.03686,37585.184
Czechia,CZE,2016,11.51021,3.36942,43069.465
Germany,DEU,2016,8.03708,3.88213,60407.973
Denmark,DNK,2016,10.81055,1.61263,63823.45
Dominican Republic,DOM,2016,1.95875,0.77696,18968.975
Algeria,DZA,2016,0.49875,1.5216,15511.686
Egypt,EGY,2016,1.83424,1.12917,13727.32
Spain,ESP,2016,2.53146,1.93815,44274.668
Estonia,EST,2016,6.80341,7.87149,37470.043
Finland,FIN,2016,7.80615,3.42576,53984.633
France,FRA,2016,9.89236,3.67007,50984.074
United Kingdom,GBR,2016,18.09595,1.44562,50346.86
Georgia,GEO,2016,4.93164,6.61347,15442.956
Ghana,GHA,2016,3.79014,3.30963,5666.078
Greece,GRC,2016,3.34523,5.03348,31468.62
Grenada,GRD,2016,69.33231,5.60574,15640.827
Hong Kong,HKG,2016,10.65677,12.42851,63749.41
Honduras,HND,2016,1.17883,2.3186,5926.49
Croatia,HRV,2016,0.42773,5.69607,29326.32
Hungary,HUN,2016,8.85625,3.93976,32378.967
Indonesia,IDN,2016,0.1005,0.62713,11319.663
India,IND,2016,0.1382,0.94716,6940.626
Ireland,IRL,2016,8.18777,6.73949,80899.02
Iran,IRN,2016,0.43,1.21363,15920.372
Iceland,ISL,2016,6.77784,14.31507,63612.555
Italy,ITA,2016,5.10229,3.70393,47987.84
Jordan,JOR,2016,14.89943,7.86413,9321.904
Japan,JPN,2016,3.72913,0.82348,43736.13
Kazakhstan,KAZ,2016,2.00999,14.46805,30758.322
Kenya,KEN,2016,0.88597,2.61208,4770.3105
Kyrgyzstan,KGZ,2016,5.9315,4.59551,5715.0103
South Korea,KOR,2016,1.93138,3.2918,46088.242
Laos,LAO,2016,0.36814,5.13454,7063.2554
Lebanon,LBN,2016,8.87242,7.33026,15572.361
Saint Lucia,LCA,2016,24.47244,26.84055,21775.475
Liechtenstein,LIE,2016,88.88889,132.86798,
Sri Lanka,LKA,2016,0.43615,6.51608,13845.614
Lithuania,LTU,2016,4.11113,7.99992,36618.15
Luxembourg,LUX,2016,46.99454,152.27228,133661.66
Latvia,LVA,2016,7.67068,6.6543,31668.516
Macao,MAC,2016,42.38036,8.29775,120530.055
Morocco,MAR,2016,1.74793,4.88709,8141.9404
Moldova,MDA,2016,3.62866,19.61253,12377.366
Madagascar,MDG,2016,1.76821,3.75989,1648.9122
Mexico,MEX,2016,0.29813,0.78224,21578.264
Malta,MLT,2016,8.43274,7.69117,44687.773
Mongolia,MNG,2016,0.89162,6.24191,13898.1455
Mozambique,MOZ,2016,0.38059,1.39848,1537.9086
Mauritania,MRT,2016,2.03649,24.51914,5866.2812
Mauritius,MUS,2016,4.54712,20.18211,23460.002
Malaysia,MYS,2016,9.28757,4.87151,28425.371
Namibia,NAM,2016,7.06472,9.84335,11846.788
Niger,NER,2016,4.48533,10.81114,1500.0085
Netherlands,NLD,2016,10.74382,2.03547,64267.74
Norway,NOR,2016,3.92144,6.80012,85787.62
New Zealand,NZL,2016,19.83942,2.06282,45626.684
Oman,OMN,2016,2.94506,12.61967,39860.99
Poland,POL,2016,3.42043,1.51442,32675.305
Palestine,PSE,2016,0.0,13.42568,6464.1333
Qatar,QAT,2016,37.87921,22.12411,120054.24
Romania,ROU,2016,4.82495,6.34328,28725.11
Russia,RUS,2016,3.94274,0.92698,35005.45
Rwanda,RWA,2016,0.72576,5.69404,2316.6372
Saudi Arabia,SAU,2016,4.92184,5.5631,57308.45
Senegal,SEN,2016,8.1208,8.36793,3710.0554
El Salvador,SLV,2016,0.39292,2.34134,9863.761
Serbia,SRB,2016,4.25622,5.97353,17973.297
Slovakia,SVK,2016,6.02104,19.11005,34130.504
Slovenia,SVN,2016,3.31073,3.58224,39667.457
Sweden,SWE,2016,6.57668,4.06383,59977.387
Seychelles,SYC,2016,0.0,41.27001,29905.135
Thailand,THA,2016,1.30961,1.28557,19370.61
Tajikistan,TJK,2016,0.63215,8.40885,3169.9668
Tunisia,TUN,2016,2.11691,7.02916,12803.88
Turkey,TUR,2016,1.31411,0.68094,26489.645
Ukraine,UKR,2016,3.20431,4.58192,15856.8125
United States,USA,2016,5.03627,0.43674,65017.656
Uzbekistan,UZB,2016,0.27251,12.3863,7839.978
British Virgin Islands,VGB,2016,16.78657,43.02897,
Vietnam,VNM,2016,0.24374,3.58299,9743.188
South Africa,ZAF,2016,4.28452,0.96364,14501.281
Andorra,AND,2017,30.84746,246.82637,63239.656
Argentina,ARG,2017,2.82948,0.26815,28334.904
Armenia,ARM,2017,4.30378,5.61905,14243.875
Australia,AUS,2017,21.47796,0.79829,56881.855
Austria,AUT,2017,17.18621,4.49097,62535.9
Azerbaijan,AZE,2017,2.07279,20.75379,19659.004
Burundi,BDI,2017,4.45414,7.82254,1023.9704
Belgium,BEL,2017,8.53861,2.85418,58529.332
Benin,BEN,2017,7.02737,5.89193,3041.7793
Burkina Faso,BFA,2017,3.11468,5.84846,2232.2878
Bulgaria,BGR,2017,5.49979,10.03806,25397.414
Bahrain,BHR,2017,13.14699,13.81323,53859.773
Bosnia and Herzegovina,BIH,2017,7.11617,15.09851,14800.325
Belarus,BLR,2017,4.19587,5.35449,25503.98
Bermuda,BMU,2017,22.22222,242.8581,96437.195
Brazil,BRA,2017,0.24116,0.68021,17724.48
Brunei,BRN,2017,3.76089,28.80026,78966.87
Botswana,BWA,2017,2.38654,5.1899,17352.896
Canada,CAN,2017,12.91719,3.05391,56612.33
Switzerland,CHE,2017,17.75276,4.78507,77626.91
Chile,CHL,2017,0.37999,1.27003,27892.994
China,CHN,2017,0.35603,2.10385,16757.973
Cote d'Ivoire,CIV,2017,2.17333,6.38598,5556.114
Cameroon,CMR,2017,1.35775,9.45817,4797.9756
Colombia,COL,2017,0.18599,1.86137,16986.033
Cape Verde,CPV,2017,0.81954,27.463,8234.56
Costa Rica,CRI,2017,1.30318,1.54594,22622.553
Cuba,CUB,2017,3.75303,0.91135,
Cyprus,CYP,2017,23.0895,54.03172,39409.348
Czechia,CZE,2017,12.54304,3.74079,45177.523
Germany,DEU,2017,8.37318,3.97887,61866.49
Denmark,DNK,2017,10.75681,1.70285,65352.4
Dominican Republic,DOM,2017,1.72625,0.79615,19501.875
Algeria,DZA,2017,0.55295,1.66325,15427.664
Spain,ESP,2017,3.2299,2.07083,45446.25
Estonia,EST,2017,8.25813,8.21351,39533.465
Finland,FIN,2017,8.17791,3.71195,55637.227
France,FRA,2017,10.20123,3.74854,51895.566
United Kingdom,GBR,2017,17.91753,1.50334,51586.676
Georgia,GEO,2017,5.53843,7.8525,16237.624
Ghana,GHA,2017,2.92312,3.35632,5993.631
Greece,GRC,2017,3.41035,5.16521,31995.41
Grenada,GRD,2017,71.73818,5.7566,16291.489
Hong Kong,HKG,2017,11.44103,12.18684,65662.836
Honduras,HND,2017,1.13761,2.06374,6099.6074
Croatia,HRV,2017,2.89412,5.87006,30779.994
Hungary,HUN,2017,9.97429,4.32004,33828.715
Indonesia,IDN,2017,0.09772,0.61115,11772.574
India,IND,2017,0.13994,1.02801,7326.607
Ireland,IRL,2017,8.88011,6.69895,87882.71
Iran,IRN,2017,0.51637,1.30629,16167.968
Iceland,ISL,2017,6.85145,14.70623,64303.38
Italy,ITA,2017,5.31085,4.07511,48849.22
Jordan,JOR,2017,13.94028,8.83242,9339.811
Japan,JPN,2017,4.26516,0.82457,44505.277
Kazakhstan,KAZ,2017,2.21043,13.54336,31524.441
Kenya,KEN,2017,0.93401,2.69288,4846.8623
Kyrgyzstan,KGZ,2017,6.55259,4.93513,5861.222
South Korea,KOR,2017,2.25724,3.36239,47536.79
Laos,LAO,2017,0.42366,4.57997,7432.4595
Lebanon,LBN,2017,8.89405,8.12212,16128.584
Saint Lucia,LCA,2017,14.743,25.84867,22422.598
Liechtenstein,LIE,2017,87.98498,129.81078,
Sri Lanka,LKA,2017,0.45199,7.26115,14572.485
Lesotho,LSO,2017,0.32784,13.54955,2924.681
Lithuania,LTU,2017,4.61295,8.28799,38774.49
Luxembourg,LUX,2017,46.72712,156.15527,132169.83
Latvia,LVA,2017,7.3932,6.41161,33036.39
Macao,MAC,2017,45.25496,10.69765,133322.62
Morocco,MAR,2017,1.9926,5.07858,8450.009
Monaco,MCO,2017,0.34404,49.84852,
Moldova,MDA,2017,4.13059,19.5661,13118.822
Madagascar,MDG,2017,1.74337,3.49292,1669.7277
Mexico,MEX,2017,0.56712,0.77295,21777.523
North Macedonia,MKD,2017,4.72125,8.91258,19145.25
Malta,MLT,2017,8.28423,7.40309,49122.473
Mongolia,MNG,2017,0.9673,6.73265,14401.537
Mozambique,MOZ,2017,0.29405,1.50809,1532.0073
Mauritania,MRT,2017,1.4403,25.33826,6050.6216
Mauritius,MUS,2017,5.37194,22.1986,24361.875
Malaysia,MYS,2017,8.06813,5.10904,29551.545
Namibia,NAM,2017,6.1057,9.12801,11408.726
Niger,NER,2017,4.31912,9.23485,1520.0016
Netherlands,NLD,2017,10.99874,2.11208,65666.0
Norway,NOR,2017,3.1527,6.23891,87194.11
New Zealand,NZL,2017,19.6089,1.78746,46193.29
Oman,OMN,2017,2.50971,13.42766,38691.11
Poland,POL,2017,4.12365,1.62305,34354.598
Portugal,PRT,2017,6.39665,4.07012,37943.113
Palestine,PSE,2017,0.0,11.96744,6426.7954
Qatar,QAT,2017,35.27832,21.04774,115064.836
Romania,ROU,2017,5.17508,6.77893,31259.43
Russia,RUS,2017,4.25808,0.9703,35570.39
Rwanda,RWA,2017,1.72954,5.89757,2351.597
Saudi Arabia,SAU,2017,4.6608,5.01297,57942.547
Senegal,SEN,2017,8.32293,7.91446,3871.4514
El Salvador,SLV,2017,0.35363,2.36094,10064.794
Serbia,SRB,2017,4.43481,6.18554,18496.252
Slovakia,SVK,2017,6.89788,20.79802,35057.223
Slovenia,SVN,2017,3.8845,4.17826,41692.836
Sweden,SWE,2017,6.74252,3.88097,60288.8
Sint Maarten (Dutch part),SXM,2017,3.9823,46.57071,46088.36
Seychelles,SYC,2017,0.0,36.97549,31595.668
Tajikistan,TJK,2017,0.84317,7.44754,3312.712
Tunisia,TUN,2017,2.25723,7.92589,12955.401
Turkey,TUR,2017,1.50127,0.63469,28194.688
Ukraine,UKR,2017,3.1649,4.67181,16310.36
United States,USA,2017,5.17971,0.45687,66155.555
Uzbekistan,UZB,2017,0.21425,12.44736,8047.0537
Samoa,WSM,2017,2.66385,42.44401,6919.0156
South Africa,ZAF,2017,4.06212,0.96593,14573.598
Albania,ALB,2018,1.49356,14.23028,15386.701
Andorra,AND,2018,44.19714,245.04723,63048.598
Argentina,ARG,2018,3.42376,0.26756,27367.115
Armenia,ARM,2018,4.46881,6.37907,15037.045
Australia,AUS,2018,26.50268,0.83766,57647.844
Austria,AUT,2018,17.49413,5.02789,63778.027
Azerbaijan,AZE,2018,2.34087,22.0265,19781.852
Burundi,BDI,2018,4.76725,8.65186,1046.5951
Belgium,BEL,2018,10.45448,3.08024,59357.69
Benin,BEN,2018,4.5043,5.78129,3155.4512
Burkina Faso,BFA,2018,2.7165,5.60565,2316.3943
Bulgaria,BGR,2018,6.41251,10.61144,26348.1
Bahrain,BHR,2018,13.44014,12.96032,54893.074
Bosnia and Herzegovina,BIH,2018,7.44466,16.18888,15556.144
Belarus,BLR,2018,4.33723,5.84422,26363.463
Bermuda,BMU,2018,9.69101,224.7189,95639.23
Brazil,BRA,2018,0.24229,0.80167,17917.75
Brunei,BRN,2018,4.36701,25.1088,78099.05
Canada,CAN,2018,13.838,2.98571,57337.492
Switzerland,CHE,2018,17.69527,5.37926,79261.36
Chile,CHL,2018,0.45281,1.3286,28492.662
China,CHN,2018,0.39673,2.22022,17806.791
Cameroon,CMR,2018,2.81384,8.33638,4851.48
Colombia,COL,2018,0.19784,2.07117,17104.13
Cape Verde,CPV,2018,1.44095,31.70383,8531.13
Costa Rica,CRI,2018,1.15614,1.74154,23005.312
Cuba,CUB,2018,3.3936,0.84668,
Cyprus,CYP,2018,23.89917,56.18303,41399.934
Czechia,CZE,2018,13.6055,3.74817,46301.082
Germany,DEU,2018,9.96628,3.91897,62381.348
Denmark,DNK,2018,10.70688,1.9125,66238.7
Algeria,DZA,2018,0.53121,1.8648,15343.426
Ecuador,ECU,2018,0.84983,3.09032,14083.507
Spain,ESP,2018,3.45604,2.06305,46325.21
Estonia,EST,2018,9.5929,8.09512,40853.65
Finland,FIN,2018,8.05185,3.84661,56226.336
France,FRA,2018,8.76849,3.80934,52560.953
United Kingdom,GBR,2018,18.32441,1.59157,52131.695
Georgia,GEO,2018,6.74764,7.04447,17228.68
Ghana,GHA,2018,2.24818,3.69379,6234.512
Greece,GRC,2018,3.43277,5.0998,32722.33
Grenada,GRD,2018,85.23758,5.37649,16964.852
Hong Kong,HKG,2018,12.50772,12.26099,66993.97
Honduras,HND,2018,0.94265,1.98885,6219.28
Croatia,HRV,2018,3.042,5.92093,32093.988
Hungary,HUN,2018,11.41062,4.54247,35798.043
Indonesia,IDN,2018,0.09552,0.64475,12262.231
India,IND,2018,0.13419,1.10568,7714.34
Ireland,IRL,2018,9.63793,6.47999,93276.016
Iran,IRN,2018,0.56912,1.57359,15364.805
Iceland,ISL,2018,8.01794,18.52019,65521.93
Italy,ITA,2018,5.62297,4.01894,49133.145
Jordan,JOR,2018,13.96153,8.35432,9311.531
Japan,JPN,2018,4.73214,0.83129,44848.49
Kazakhstan,KAZ,2018,2.26755,13.94185,32330.227
Kyrgyzstan,KGZ,2018,7.5951,5.88978,5951.8286
South Korea,KOR,2018,2.7482,3.29793,48834.445
Laos,LAO,2018,0.46947,6.27419,7775.086
Lebanon,LBN,2018,9.30649,7.90173,16290.052
Saint Lucia,LCA,2018,12.60617,38.24448,22981.918
Liechtenstein,LIE,2018,88.40494,127.68088,
Sri Lanka,LKA,2018,0.4395,8.15689,14759.825
Lesotho,LSO,2018,0.35208,14.17614,2846.4182
Lithuania,LTU,2018,5.32603,8.79913,41019.79
Luxembourg,LUX,2018,47.73534,164.49605,131733.89
Latvia,LVA,2018,9.26938,6.3843,34729.707
Macao,MAC,2018,48.8096,8.19617,139541.16
Morocco,MAR,2018,1.93229,5.00948,8611.75
Moldova,MDA,2018,5.0735,23.99773,13895.504
Madagascar,MDG,2018,1.346,3.24021,1678.7863
Mexico,MEX,2018,0.15834,0.73731,21997.773
North Macedonia,MKD,2018,5.15056,9.49378,19796.906
Malta,MLT,2018,9.76789,7.37237,50826.293
Myanmar,MMR,2018,0.04924,1.14826,6201.263
Mongolia,MNG,2018,1.0538,7.72537,15230.241
Mozambique,MOZ,2018,0.35946,1.48287,1538.8351
Namibia,NAM,2018,4.76118,9.25267,11214.386
Niger,NER,2018,5.18066,8.04372,1574.3384
Netherlands,NLD,2018,11.69357,1.9727,66758.266
Norway,NOR,2018,4.23081,5.96617,87338.47
New Zealand,NZL,2018,19.68004,1.88288,46947.938
Oman,OMN,2018,2.72548,13.62262,38673.605
Poland,POL,2018,3.64084,1.76672,36500.41
Portugal,PRT,2018,7.89079,4.23359,39123.613
Palestine,PSE,2018,0.0,12.85771,6342.9375
Qatar,QAT,2018,34.20162,26.80115,114909.79
Romania,ROU,2018,5.40241,6.96746,33139.85
Russia,RUS,2018,4.54407,0.99698,36536.695
Rwanda,RWA,2018,4.03101,6.65793,2493.44
Saudi Arabia,SAU,2018,4.5651,4.77821,61359.465
Senegal,SEN,2018,7.80889,7.53635,3998.2864
El Salvador,SLV,2018,0.51417,2.36633,10297.203
San Marino,SMR,2018,91.06901,128.50998,59194.043
Serbia,SRB,2018,4.43491,6.12462,19462.25
Slovakia,SVK,2018,8.02855,21.77225,36430.793
Slovenia,SVN,2018,4.4686,4.17861,43361.094
Sweden,SWE,2018,7.17108,3.70612,60647.45
Seychelles,SYC,2018,0.0,49.25873,32841.426
Tunisia,TUN,2018,2.21662,8.78912,13163.195
Turkey,TUR,2018,1.65518,0.62672,28780.303
Ukraine,UKR,2018,3.07388,4.86675,16978.984
United States,USA,2018,5.21231,0.45524,67719.766
Uzbekistan,UZB,2018,0.23362,14.13196,8348.961
Samoa,WSM,2018,3.55731,41.84579,6805.0454
South Africa,ZAF,2018,3.58899,1.02249,14553.562
Albania,ALB,2019,1.61389,7.97883,15948.279
Andorra,AND,2019,41.07425,236.5945,63215.9
United Arab Emirates,ARE,2019,72.78183,4.5166,72822.97
Argentina,ARG,2019,3.50011,0.27633,26629.553
Armenia,ARM,2019,5.51761,6.99551,16215.36
Australia,AUS,2019,28.3749,0.78694,58048.617
Austria,AUT,2019,17.64123,5.25396,64609.375
Azerbaijan,AZE,2019,2.22742,20.24628,20101.492
Belgium,BEL,2019,10.04272,3.19438,60479.977
Benin,BEN,2019,3.14943,6.50032,3281.1047
Burkina Faso,BFA,2019,2.27881,5.31213,2391.5364
Bulgaria,BGR,2019,7.19023,10.80706,27736.375
Bahrain,BHR,2019,14.1504,11.16157,56749.96
Bosnia and Herzegovina,BIH,2019,7.11557,16.93939,16203.45
Belarus,BLR,2019,4.82255,6.17734,26798.82
Brazil,BRA,2019,0.24504,0.91832,18018.621
Brunei,BRN,2019,3.40745,18.59511,80228.16
Botswana,BWA,2019,2.25976,5.12748,18106.01
Canada,CAN,2019,16.22091,2.85329,57583.848
Switzerland,CHE,2019,17.7987,5.57231,79596.7
Chile,CHL,2019,0.81947,1.37636,28218.535
China,CHN,2019,0.42809,2.25568,18820.514
Cote d'Ivoire,CIV,2019,2.64064,6.63033,5894.879
Cameroon,CMR,2019,3.71677,7.67607,4882.3555
Colombia,COL,2019,0.21905,2.21578,17336.771
Costa Rica,CRI,2019,1.16405,1.71983,23364.783
Cuba,CUB,2019,3.05792,0.87533,
Cyprus,CYP,2019,26.06003,52.10226,43249.793
Czechia,CZE,2019,14.36418,3.72324,47763.617
Germany,DEU,2019,10.10946,3.72266,62849.375
Denmark,DNK,2019,10.49075,1.89396,67131.47
Algeria,DZA,2019,0.52424,1.98343,15199.199
Ecuador,ECU,2019,0.78799,3.11269,13870.489
Spain,ESP,2019,3.69783,2.06611,46896.418
Estonia,EST,2019,11.08737,7.95273,42218.96
Finland,FIN,2019,8.05345,3.8384,56922.49
France,FRA,2019,9.1747,3.84293,53448.555
United Kingdom,GBR,2019,18.67706,1.50737,52515.684
Georgia,GEO,2019,8.1117,6.47195,18186.88
Ghana,GHA,2019,1.39172,3.49564,6508.2466
Greece,GRC,2019,3.4994,4.98578,33502.75
Guatemala,GTM,2019,0.22938,0.83008,11466.377
Hong Kong,HKG,2019,14.31223,12.17503,65388.332
Honduras,HND,2019,0.82542,2.05775,6264.019
Croatia,HRV,2019,3.49186,6.20846,33419.375
Hungary,HUN,2019,12.6053,4.60941,37662.676
India,IND,2019,0.13493,1.3164,7930.0913
Ireland,IRL,2019,10.71472,6.68647,96371.29
Iran,IRN,2019,0.64034,1.77001,14841.075
Iceland,ISL,2019,8.44947,14.78914,64826.434
Italy,ITA,2019,2.83084,4.13616,49690.63
Jordan,JOR,2019,12.90606,8.98281,9288.527
Japan,JPN,2019,5.23799,0.83174,44730.91
Kazakhstan,KAZ,2019,3.31774,13.04244,33298.21
Kenya,KEN,2019,1.29359,3.13145,5171.7124
Kyrgyzstan,KGZ,2019,8.97558,5.95772,6087.602
South Korea,KOR,2019,3.2563,3.34623,49790.867
Laos,LAO,2019,0.4618,8.18088,8075.275
Lebanon,LBN,2019,9.58779,7.69023,15659.566
Saint Lucia,LCA,2019,18.35443,35.07197,22738.248
Liechtenstein,LIE,2019,86.38858,129.41881,
Sri Lanka,LKA,2019,0.46921,8.83655,14637.444
Lithuania,LTU,2019,5.99188,9.36633,43062.324
Luxembourg,LUX,2019,48.64827,170.4618,132724.75
Latvia,LVA,2019,10.42872,6.19674,35208.195
Macao,MAC,2019,52.48695,8.21415,133453.89
Morocco,MAR,2019,1.97236,5.06311,8768.176
Moldova,MDA,2019,5.57991,20.72201,14621.24
Madagascar,MDG,2019,1.91368,3.13516,1707.8315
Mexico,MEX,2019,0.70708,0.72662,21704.186
Marshall Islands,MHL,2019,5.62092,11.39812,6405.0757
North Macedonia,MKD,2019,5.19009,9.49552,20711.266
Malta,MLT,2019,12.43972,7.42977,50801.957
Mongolia,MNG,2019,1.4433,8.52069,15790.696
Mauritania,MRT,2019,1.45194,23.91551,6162.2104
Malaysia,MYS,2019,6.72713,4.97705,31300.508
Namibia,NAM,2019,4.68384,7.49672,10813.305
Niger,NER,2019,5.40695,9.32189,1612.6373
Norway,NOR,2019,4.27566,5.96498,87725.73
New Zealand,NZL,2019,20.76879,2.04285,47362.32
Oman,OMN,2019,2.83931,13.27371,38292.387
Poland,POL,2019,3.85686,1.78603,38181.62
Portugal,PRT,2019,9.71126,5.79277,40188.285
Palestine,PSE,2019,0.0,13.30724,6269.891
Qatar,QAT,2019,35.29378,24.57896,113160.836
Romania,ROU,2019,5.6757,5.85461,34634.26
Russia,RUS,2019,4.96532,0.92978,37319.32
Rwanda,RWA,2019,3.63798,7.76692,2667.4646
Saudi Arabia,SAU,2019,4.4291,4.05935,62647.73
Senegal,SEN,2019,7.59655,7.73429,4070.6123
El Salvador,SLV,2019,0.37084,2.38579,10543.938
San Marino,SMR,2019,87.92497,1125.6918,60171.047
Serbia,SRB,2019,4.60622,5.48474,20496.438
Slovakia,SVK,2019,9.04062,15.70882,37209.535
Slovenia,SVN,2019,6.67316,5.98639,44569.586
Sweden,SWE,2019,7.15165,3.76677,61601.63
Seychelles,SYC,2019,0.0,49.71647,34346.07
Turkmenistan,TKM,2019,0.26559,96.55735,15231.306
Turkey,TUR,2019,1.98711,0.60692,28741.053
Ukraine,UKR,2019,3.45495,4.84215,17636.555
United States,USA,2019,5.18887,0.54371,69112.6
Vietnam,VNM,2019,0.36872,6.38516,11628.614
Samoa,WSM,2019,5.84362,42.92948,7033.521
South Africa,ZAF,2019,3.47196,1.07923,14352.67
Afghanistan,AFG,2020,0.0,7.72899,2769.6858
Albania,ALB,2020,1.72419,9.02751,15659.589
Andorra,AND,2020,43.951,247.49716,55488.492
United Arab Emirates,ARE,2020,71.97245,4.97146,66808.65
Argentina,ARG,2020,3.51242,0.28842,23877.094
Armenia,ARM,2020,5.91228,5.63356,15052.936
Australia,AUS,2020,25.99468,0.83008,57260.465
Austria,AUT,2020,17.9773,5.71265,60276.414
Azerbaijan,AZE,2020,2.36036,18.04238,19126.098
Belgium,BEL,2020,10.52473,3.29526,57333.543
Benin,BEN,2020,2.96611,7.01164,3317.8596
Burkina Faso,BFA,2020,2.05281,5.0322,2380.9316
Bulgaria,BGR,2020,7.75568,11.23784,27138.148
Bahrain,BHR,2020,12.75623,10.91064,53814.246
Bosnia and Herzegovina,BIH,2020,6.5783,18.33002,15934.876
Belarus,BLR,2020,5.89248,6.39432,26731.496
Brazil,BRA,2020,0.24886,0.9943,17327.516
Brunei,BRN,2020,3.72439,22.8703,80280.9
Botswana,BWA,2020,2.20043,4.65327,16289.392
Canada,CAN,2020,18.20879,2.88618,54092.88
Switzerland,CHE,2020,18.14267,5.83173,77324.89
Chile,CHL,2020,1.05723,1.50709,26248.562
China,CHN,2020,0.44807,2.20816,19215.154
Cote d'Ivoire,CIV,2020,2.43881,7.11633,5787.8154
Cameroon,CMR,2020,3.34398,7.75202,4763.482
Democratic Republic of Congo,COD,2020,0.43709,2.89425,1361.028
Colombia,COL,2020,0.21472,2.41587,15861.5
Cuba,CUB,2020,2.64418,1.05718,
Cyprus,CYP,2020,27.19018,48.86651,41297.48
Czechia,CZE,2020,14.98938,3.83097,45119.938
Germany,DEU,2020,11.24126,3.76501,60203.29
Denmark,DNK,2020,10.23236,1.96177,65744.44
Dominican Republic,DOM,2020,1.88346,0.75531,19545.41
Algeria,DZA,2020,0.55927,2.07809,14194.155
Ecuador,ECU,2020,0.60496,2.69423,12440.326
Egypt,EGY,2020,0.94443,1.48868,15309.236
Spain,ESP,2020,3.83479,2.20567,41553.45
Estonia,EST,2020,12.30143,8.35189,40920.527
Finland,FIN,2020,7.97198,3.71605,55424.86
France,FRA,2020,9.1854,3.96145,49311.332
United Kingdom,GBR,2020,20.14796,1.46618,47158.984
Georgia,GEO,2020,8.72306,6.17054,17031.145
Ghana,GHA,2020,1.04525,3.49191,6412.6855
Greece,GRC,2020,2.79536,5.04083,30487.113
Hong Kong,HKG,2020,16.21058,12.12061,61328.527
Croatia,HRV,2020,2.95,6.20676,30917.37
Hungary,HUN,2020,13.4762,4.81543,36119.52
India,IND,2020,0.1356,1.43562,7399.531
Ireland,IRL,2020,10.19912,6.41288,101968.555
Iran,IRN,2020,0.76592,2.15797,15381.585
Iceland,ISL,2020,8.51108,14.29812,59543.812
Israel,ISR,2020,3.43936,4.78976,42915.94
Italy,ITA,2020,2.88108,4.16162,45505.07
Jordan,JOR,2020,12.23379,9.40028,9022.64
Japan,JPN,2020,5.7313,0.84619,42992.48
Kazakhstan,KAZ,2020,5.50775,10.80152,32011.549
Kyrgyzstan,KGZ,2020,15.53957,5.87634,5537.7954
South Korea,KOR,2020,3.72612,3.41028,49374.094
Laos,LAO,2020,0.57684,10.02068,7995.595
Lebanon,LBN,2020,9.24808,8.42878,12507.437
Saint Lucia,LCA,2020,13.93914,34.43268,17142.045
Liechtenstein,LIE,2020,87.14597,127.3171,
Sri Lanka,LKA,2020,0.38669,9.13949,13886.651
Lithuania,LTU,2020,6.16129,9.76704,43091.797
Luxembourg,LUX,2020,48.38796,170.78278,129865.63
Latvia,LVA,2020,12.77957,6.66276,34225.9
Macao,MAC,2020,55.77312,7.61501,59662.484
Morocco,MAR,2020,2.06493,5.33591,8054.563
Monaco,MCO,2020,24.65897,54.20445,
Moldova,MDA,2020,6.63264,25.40596,13559.26
Madagascar,MDG,2020,0.89226,3.16009,1545.7272
Mexico,MEX,2020,0.88129,0.70776,19728.482
North Macedonia,MKD,2020,5.00882,10.35996,19954.4
Malta,MLT,2020,14.15486,7.12188,47944.016
Mauritania,MRT,2020,1.44821,25.03488,5963.2354
Mauritius,MUS,2020,6.71154,18.39059,22258.387
Malaysia,MYS,2020,7.47778,4.78352,29200.453
Namibia,NAM,2020,3.24352,6.39282,9652.248
Netherlands,NLD,2020,13.32123,2.07432,64862.19
Norway,NOR,2020,4.38269,5.41363,86096.055
New Zealand,NZL,2020,17.48543,2.01435,46266.395
Oman,OMN,2020,2.88002,12.99186,37560.6
Panama,PAN,2020,3.08103,2.84426,26881.799
Poland,POL,2020,4.46692,1.91047,37852.8
Portugal,PRT,2020,11.57311,4.69871,36852.23
Palestine,PSE,2020,0.0,13.91927,5423.6826
Qatar,QAT,2020,37.4522,22.01123,103061.9
Romania,ROU,2020,5.99302,5.80564,33572.508
Russia,RUS,2020,11.27199,1.42979,36376.336
Rwanda,RWA,2020,4.20247,6.98985,2520.3174
Saudi Arabia,SAU,2020,4.30581,3.68145,57420.734
Senegal,SEN,2020,7.04645,7.63675,4018.0413
El Salvador,SLV,2020,0.38339,2.34825,9692.449
San Marino,SMR,2020,88.4778,119.21884,55998.07
Serbia,SRB,2020,4.71922,6.3259,20437.4
Slovakia,SVK,2020,10.29861,22.3736,36216.4
Slovenia,SVN,2020,7.78595,4.23518,42463.562
Sweden,SWE,2020,7.04267,3.33338,59975.363
Seychelles,SYC,2020,0.0,68.68459,30056.2
Chad,TCD,2020,0.0,29.3683,2513.0293
Thailand,THA,2020,1.23936,1.64462,19957.258
Turkmenistan,TKM,2020,0.21412,106.49721,15791.178
Tonga,TON,2020,0.44819,33.15453,6980.41
Tunisia,TUN,2020,3.09438,9.34798,11955.599
Turkey,TUR,2020,2.32003,0.64307,28976.719
Ukraine,UKR,2020,3.99623,4.55811,17092.54
Uruguay,URY,2020,2.14326,3.62712,27788.186
United States,USA,2020,5.10463,0.57977,67342.07
British Virgin Islands,VGB,2020,23.12224,60.21354,
Samoa,WSM,2020,2.48674,32.7114,6745.2925
South Africa,ZAF,2020,3.04421,1.12771,13250.566
Albania,ALB,2021,1.68663,11.46407,17329.55
Andorra,AND,2021,43.05344,254.21532,59332.203
Argentina,ARG,2021,3.15658,0.27102,26300.273
Armenia,ARM,2021,5.90853,5.23212,15921.705
Australia,AUS,2021,21.88944,0.77958,58327.414
Austria,AUT,2021,18.72414,5.81355,62968.94
Azerbaijan,AZE,2021,2.2773,17.72281,20111.375
Belgium,BEL,2021,9.83073,3.16769,60669.215
Benin,BEN,2021,3.10889,7.78391,3464.2886
Burkina Faso,BFA,2021,1.90571,4.24492,2486.431
Bulgaria,BGR,2021,8.00712,11.30111,29457.71
Bahrain,BHR,2021,11.66094,10.1304,54954.676
Bosnia and Herzegovina,BIH,2021,6.64822,18.20609,17399.838
Belarus,BLR,2021,6.46665,7.10255,27611.18
Brazil,BRA,2021,0.23893,0.93539,18075.705
Bhutan,BTN,2021,34.23473,38.02256,13458.8125
Botswana,BWA,2021,2.46698,4.68494,17960.625
Canada,CAN,2021,17.37181,2.69331,56995.117
Switzerland,CHE,2021,18.43131,5.63755,81001.414
Chile,CHL,2021,1.31493,1.43606,29089.85
China,CHN,2021,0.41182,1.93019,20843.297
Cote d'Ivoire,CIV,2021,1.37549,6.95642,6045.2046
Cameroon,CMR,2021,3.15415,7.61273,4793.556
Colombia,COL,2021,0.2028,2.3708,17383.09
Cuba,CUB,2021,2.17809,1.01123,
Cyprus,CYP,2021,21.83038,49.9679,45322.543
Czechia,CZE,2021,15.57127,3.74746,47796.035
Germany,DEU,2021,11.22932,3.76274,62530.766
Denmark,DNK,2021,9.99085,1.87915,69715.18
Dominican Republic,DOM,2021,2.51405,0.74396,22053.459
Algeria,DZA,2021,0.61951,2.16536,14496.865
Spain,ESP,2021,3.57628,2.08594,44251.664
Estonia,EST,2021,11.62462,8.29616,44251.54
Finland,FIN,2021,8.07741,3.34018,56790.375
France,FRA,2021,9.00071,3.76061,52517.336
United Kingdom,GBR,2021,20.0604,1.32179,51004.426
Georgia,GEO,2021,9.06177,5.6803,18915.654
Ghana,GHA,2021,0.91278,3.52462,6607.503
Greece,GRC,2021,2.81952,4.81185,33531.156
Hong Kong,HKG,2021,16.48258,12.15081,65884.94
Croatia,HRV,2021,2.66332,6.49555,35139.145
Hungary,HUN,2021,13.19163,4.78859,38887.19
India,IND,2021,0.12378,1.32731,8050.0186
Ireland,IRL,2021,9.29442,6.35149,116903.61
Iceland,ISL,2021,7.89689,12.5576,61610.215
Israel,ISR,2021,3.35191,4.60418,46162.082
Italy,ITA,2021,3.44738,4.04632,49825.395
Jordan,JOR,2021,12.33466,9.35581,9182.496
Japan,JPN,2021,5.57453,0.75772,44355.348
Kyrgyzstan,KGZ,2021,23.04546,5.69236,5736.479
Cambodia,KHM,2021,0.25863,3.7351,6225.5327
South Korea,KOR,2021,4.07548,3.0659,51718.25
Lebanon,LBN,2021,12.3974,8.86586,11599.775
Liechtenstein,LIE,2021,85.58187,124.46193,
Sri Lanka,LKA,2021,0.35569,8.27285,14316.135
Lithuania,LTU,2021,7.32909,9.44336,45873.527
Luxembourg,LUX,2021,49.30202,170.74782,136772.44
Latvia,LVA,2021,12.7629,6.84698,36912.01
Macao,MAC,2021,59.25102,6.4247,73374.445
Morocco,MAR,2021,1.86891,5.56349,8623.266
Monaco,MCO,2021,27.92023,44.32901,
Moldova,MDA,2021,6.46657,24.98087,15682.07
Mexico,MEX,2021,1.03134,0.66264,20782.588
North Macedonia,MKD,2021,7.42893,10.65647,21070.275
Malta,MLT,2021,16.46597,6.34918,54094.99
Mauritius,MUS,2021,6.71081,15.88249,23010.201
Malaysia,MYS,2021,8.06567,4.20225,29822.85
Netherlands,NLD,2021,13.72417,1.85875,68573.56
Norway,NOR,2021,4.17212,4.77928,88984.14
New Zealand,NZL,2021,11.97675,1.75623,48248.72
Oman,OMN,2021,3.0847,14.08156,38719.457
Panama,PAN,2021,2.65166,2.537,30932.764
Poland,POL,2021,5.48732,2.02794,41059.586
Portugal,PRT,2021,11.65882,4.66592,38657.668
Palestine,PSE,2021,0.0,14.55193,5663.1216
Qatar,QAT,2021,37.5662,19.01073,116832.66
Romania,ROU,2021,6.02598,6.12854,35713.77
Russia,RUS,2021,8.10771,1.55216,38638.43
Saudi Arabia,SAU,2021,4.03091,3.1723,62690.496
Senegal,SEN,2021,6.2826,7.25897,4173.6772
El Salvador,SLV,2021,0.3515,2.49934,10809.714
San Marino,SMR,2021,85.41872,52.33946,64745.133
Serbia,SRB,2021,4.51288,6.3592,22271.162
Suriname,SUR,2021,0.0,22.76007,18458.234
Slovakia,SVK,2021,10.97225,22.09701,38346.094
Slovenia,SVN,2021,9.19897,3.69126,45914.06
Sweden,SWE,2021,6.64057,2.86006,62731.7
Seychelles,SYC,2021,0.0,54.53021,29979.828
Turkmenistan,TKM,2021,0.15539,88.14886,16434.14
Tunisia,TUN,2021,3.08287,9.78813,12444.326
Turkey,TUR,2021,2.7057,0.63402,32105.547
Tanzania,TZA,2021,0.44915,3.62314,3493.083
Ukraine,UKR,2021,4.90321,5.15474,17846.408
Uruguay,URY,2021,2.33586,2.96718,29431.885
United States,USA,2021,4.58827,0.56616,71307.4
Uzbekistan,UZB,2021,0.73478,22.10691,9247.644
Vietnam,VNM,2021,0.31527,5.23261,12048.902
Samoa,WSM,2021,4.03546,31.36785,6350.1143
South Africa,ZAF,2021,2.92272,1.09287,13681.955
Albania,ALB,2022,1.51114,11.96262,18448.518
Andorra,AND,2022,16.588,112.83862,63913.383
Argentina,ARG,2022,3.68504,0.31443,27825.027
Armenia,ARM,2022,7.25559,5.69658,17886.178
Australia,AUS,2022,23.02597,0.8155,60029.133
Austria,AUT,2022,19.38592,6.01089,65694.555
Azerbaijan,AZE,2022,2.39195,18.62885,21051.244
Belgium,BEL,2022,10.14691,3.19572,62561.78
Benin,BEN,2022,3.08689,7.93024,3588.3252
Burkina Faso,BFA,2022,1.76232,4.10999,2469.1995
Bangladesh,BGD,2022,0.05983,1.67705,7888.164
Bulgaria,BGR,2022,8.44212,8.88345,30860.877
Bahrain,BHR,2022,10.57458,9.05249,57572.996
Bosnia and Herzegovina,BIH,2022,7.19033,19.18997,18362.242
Belarus,BLR,2022,7.72339,8.1236,26537.508
Belize,BLZ,2022,2.00576,9.88999,12565.364
Brazil,BRA,2022,0.24576,0.89399,18554.047
Botswana,BWA,2022,2.49541,4.60363,18647.373
Canada,CAN,2022,18.5703,2.85684,58321.062
Switzerland,CHE,2022,19.1284,5.71645,82777.3
Chile,CHL,2022,1.37151,1.59604,29569.479
China,CHN,2022,0.36911,1.84164,21499.383
Cote d'Ivoire,CIV,2022,1.41206,6.54299,6272.264
Cameroon,CMR,2022,2.05345,7.9433,4843.6504
Colombia,COL,2022,0.2209,2.51151,18458.72
Cyprus,CYP,2022,20.2487,48.27673,48168.504
Czechia,CZE,2022,15.79189,3.54668,48390.66
Germany,DEU,2022,11.99834,3.75412,63676.086
Denmark,DNK,2022,10.13483,1.93683,69475.32
Dominican Republic,DOM,2022,10.6926,1.00395,22986.959
Algeria,DZA,2022,0.50246,2.33021,14782.2
Ecuador,ECU,2022,0.69929,3.29377,14186.639
Egypt,EGY,2022,1.98768,1.97467,16360.391
Spain,ESP,2022,3.9706,2.20147,46733.48
Estonia,EST,2022,11.42165,7.95988,43128.633
Finland,FIN,2022,8.48342,2.96974,57068.305
France,FRA,2022,9.13704,3.93684,53673.812
United Kingdom,GBR,2022,21.57227,1.32769,53139.152
Georgia,GEO,2022,10.72119,5.42866,20966.527
Ghana,GHA,2022,0.85291,3.51455,6728.454
Greece,GRC,2022,3.06876,4.40915,35831.344
Hong Kong,HKG,2022,19.03713,13.14593,64036.645
Croatia,HRV,2022,3.56021,6.23679,37930.586
Hungary,HUN,2022,13.72434,4.72046,40610.973
India,IND,2022,0.11507,1.53299,8594.392
Ireland,IRL,2022,10.98527,6.87372,123219.08
Iceland,ISL,2022,9.60607,12.24472,65380.316
Israel,ISR,2022,3.19979,4.61188,48098.188
Italy,ITA,2022,4.19185,4.02983,52333.33
Jordan,JOR,2022,10.76486,9.13239,9266.575
Japan,JPN,2022,5.12114,0.80391,44972.344
Kyrgyzstan,KGZ,2022,28.54833,6.05764,6139.778
South Korea,KOR,2022,4.36246,3.09755,53228.605
Lebanon,LBN,2022,14.27649,9.96859,11474.751
Saint Lucia,LCA,2022,3.70203,33.48496,22962.281
Lithuania,LTU,2022,8.7735,7.88363,46651.215
Luxembourg,LUX,2022,50.48475,172.51662,132570.83
Latvia,LVA,2022,12.67835,6.47672,37718.71
Macao,MAC,2022,64.15827,5.25393,59921.44
Morocco,MAR,2022,1.74483,5.4962,8690.448
Monaco,MCO,2022,82.95351,45.10595,
Moldova,MDA,2022,6.95462,23.88666,15358.016
Madagascar,MDG,2022,0.55187,2.99775,1602.7136
Mexico,MEX,2022,1.17654,0.72976,21391.857
Marshall Islands,MHL,2022,2.98137,22.63286,6936.865
North Macedonia,MKD,2022,8.39008,10.13051,21715.434
Malta,MLT,2022,23.80354,5.96161,54085.125
Mongolia,MNG,2022,1.03858,10.68992,15310.435
Mauritius,MUS,2022,7.05212,14.0926,25085.988
Malaysia,MYS,2022,8.97039,4.282,32129.223
Namibia,NAM,2022,3.13963,5.2521,9953.098
Norway,NOR,2022,4.14427,4.75342,91051.086
New Zealand,NZL,2022,10.38456,1.86984,49964.176
Panama,PAN,2022,2.98572,2.6765,33915.152
Poland,POL,2022,6.71804,1.82005,43405.023
Portugal,PRT,2022,11.9641,4.28289,41070.86
Palestine,PSE,2022,0.0,13.94849,5753.084
Qatar,QAT,2022,38.51743,14.88241,114740.164
Romania,ROU,2022,6.27645,5.70327,37353.047
Russia,RUS,2022,8.48786,1.58567,38214.496
Rwanda,RWA,2022,4.5346,7.16524,2892.4597
Saudi Arabia,SAU,2022,4.12679,2.8158,67178.59
Senegal,SEN,2022,6.01582,6.92088,4228.734
El Salvador,SLV,2022,0.41653,2.55666,11085.618
San Marino,SMR,2022,85.56594,53.13404,70887.57
Serbia,SRB,2022,4.61033,5.98462,23456.297
Slovakia,SVK,2022,11.90564,21.60162,38664.906
Slovenia,SVN,2022,9.45848,3.72018,47050.066
Sweden,SWE,2022,7.00408,2.94958,63088.42
Seychelles,SYC,2022,0.0,54.53055,27978.178
Turks and Caicos Islands,TCA,2022,41.30926,38.65118,28209.625
Thailand,THA,2022,1.35277,1.4761,20762.795
Turkmenistan,TKM,2022,0.07781,68.67582,17119.574
Tunisia,TUN,2022,2.89277,9.11607,12712.224
Turkey,TUR,2022,2.94116,0.72704,33520.812
Tanzania,TZA,2022,0.40721,2.55767,3546.981
Uruguay,URY,2022,2.26072,3.13213,30804.703
United States,USA,2022,4.89121,0.64404,72679.26
Vietnam,VNM,2022,0.26756,4.62503,12979.764
Samoa,WSM,2022,5.01393,31.22322,6449.365
South Africa,ZAF,2022,2.50176,1.03503,13767.497
